symbol,sweep_time,confirm_time,dir,fill_time,fill_price,stop,target_tp1,target_tp2,exit_time,exit_price,outcome,R,banked_r,is_asian_sweep,has_smt,market
SOL/USDT,2024-06-15 05:10:00,2024-06-15 05:50:00,SHORT,2024-06-15 06:01:00,145.055,145.7976,144.3124,143.8535,2024-06-15 07:21:00,144.7997,BE_STOP,0.156,0.5,False,False,crypto
SOL/USDT,2024-06-24 12:15:00,2024-06-24 12:40:00,SHORT,2024-06-24 12:56:00,127.89,129.0318,126.7482,126.0425,2024-06-24 13:31:00,127.6649,BE_STOP,0.303,0.5,False,False,crypto
SOL/USDT,2024-06-28 00:35:00,2024-06-28 01:10:00,LONG,2024-06-28 02:16:00,147.67,146.9385,148.4015,148.8536,2024-06-28 02:24:00,147.9299,BE_STOP,0.145,0.5,False,False,crypto
SOL/USDT,2024-07-05 12:20:00,2024-07-05 13:00:00,SHORT,2024-07-05 13:06:00,129.32,133.194,125.446,123.0519,2024-07-05 13:39:00,133.194,INITIAL_STOP,-1.059,0.0,True,False,crypto
SOL/USDT,2024-07-16 14:05:00,2024-07-16 14:15:00,LONG,2024-07-16 14:22:00,155.42,154.2369,156.6031,157.3343,2024-07-16 15:12:00,157.3343,GRID_B_FULL_TP,1.078,1.309,True,False,crypto
SOL/USDT,2024-08-01 12:15:00,2024-08-01 12:45:00,SHORT,2024-08-01 12:52:00,170.635,171.716,169.554,168.886,2024-08-01 14:06:00,168.886,GRID_B_FULL_TP,1.031,1.309,False,False,crypto
SOL/USDT,2024-08-06 23:15:00,2024-08-07 00:35:00,LONG,2024-08-07 00:44:00,144.155,142.4438,145.8662,146.9238,2024-08-07 01:12:00,142.4438,INITIAL_STOP,-1.148,0.0,True,False,crypto
SOL/USDT,2024-08-09 12:50:00,2024-08-09 13:55:00,LONG,2024-08-09 14:28:00,154.595,152.8881,156.3019,157.3568,2024-08-09 14:32:00,152.8881,INITIAL_STOP,-1.159,0.0,True,False,crypto
SOL/USDT,2024-08-24 21:25:00,2024-08-24 22:20:00,LONG,2024-08-24 22:28:00,158.24,157.0426,159.4374,160.1773,2024-08-24 23:51:00,160.1773,GRID_B_FULL_TP,1.076,1.309,True,False,crypto
SOL/USDT,2024-08-28 20:20:00,2024-08-28 21:05:00,SHORT,2024-08-28 21:13:00,143.78,146.5857,140.9743,139.2404,2024-08-29 11:46:00,146.5857,INITIAL_STOP,-1.09,0.0,True,False,crypto
SOL/USDT,2024-08-30 18:25:00,2024-08-30 19:05:00,SHORT,2024-08-30 19:18:00,136.745,138.1151,135.3749,134.5281,2024-08-30 23:04:00,138.1151,INITIAL_STOP,-1.176,0.0,True,False,crypto
SOL/USDT,2024-09-25 06:30:00,2024-09-25 07:40:00,LONG,2024-09-25 07:46:00,149.735,148.7454,150.7246,151.3362,2024-09-25 12:35:00,149.9985,BE_STOP,0.234,0.5,True,False,crypto
SOL/USDT,2024-10-04 06:20:00,2024-10-04 06:40:00,SHORT,2024-10-04 06:50:00,138.86,139.8683,137.8517,137.2286,2024-10-04 08:09:00,139.8683,INITIAL_STOP,-1.242,0.0,True,False,crypto
SOL/USDT,2024-11-03 21:00:00,2024-11-03 21:35:00,SHORT,2024-11-03 21:42:00,163.385,164.0751,162.6949,162.2685,2024-11-03 22:58:00,163.0974,BE_STOP,0.083,0.5,False,False,crypto
SOL/USDT,2024-11-12 00:20:00,2024-11-12 00:50:00,LONG,2024-11-12 01:02:00,219.24,214.6711,223.8089,226.6324,2024-11-12 09:13:00,219.6259,BE_STOP,0.416,0.5,False,False,crypto
SOL/USDT,2024-11-12 05:35:00,2024-11-12 06:05:00,LONG,2024-11-12 06:18:00,217.98,215.693,220.267,221.6803,2024-11-12 07:58:00,221.6803,GRID_B_FULL_TP,1.141,1.309,False,False,crypto
SOL/USDT,2024-11-20 14:00:00,2024-11-20 14:40:00,SHORT,2024-11-20 14:48:00,239.87,242.8998,236.8402,234.9678,2024-11-20 16:17:00,234.9678,GRID_B_FULL_TP,1.17,1.309,True,False,crypto
SOL/USDT,2024-11-22 18:50:00,2024-11-22 19:05:00,LONG,2024-11-22 19:15:00,253.455,251.0898,255.8202,257.2819,2024-11-22 21:57:00,257.2819,GRID_B_FULL_TP,1.12,1.309,True,False,crypto
SOL/USDT,2024-11-27 14:55:00,2024-11-27 16:05:00,SHORT,2024-11-27 16:33:00,240.2,241.5003,238.8997,238.0961,2024-11-27 17:06:00,238.0961,GRID_B_FULL_TP,0.984,1.309,True,False,crypto
SOL/USDT,2024-11-28 03:25:00,2024-11-28 03:45:00,LONG,2024-11-28 04:01:00,239.41,237.7409,241.0791,242.1106,2024-11-28 05:11:00,239.8314,BE_STOP,0.248,0.5,False,False,crypto
SOL/USDT,2024-12-29 14:30:00,2024-12-29 14:55:00,LONG,2024-12-29 15:02:00,193.68,192.6195,194.7405,195.3959,2024-12-29 15:33:00,195.3959,GRID_B_FULL_TP,0.988,1.309,False,False,crypto
SOL/USDT,2025-01-10 17:55:00,2025-01-10 18:30:00,SHORT,2025-01-10 19:27:00,190.89,192.3563,189.4237,188.5175,2025-01-10 20:25:00,188.5175,GRID_B_FULL_TP,1.08,1.309,True,False,crypto
SOL/USDT,2025-01-11 20:55:00,2025-01-11 21:30:00,SHORT,2025-01-11 21:40:00,191.155,191.9667,190.3433,189.8416,2025-01-11 22:17:00,189.8416,GRID_B_FULL_TP,0.895,1.309,True,False,crypto
SOL/USDT,2025-01-17 15:25:00,2025-01-17 16:15:00,LONG,2025-01-17 17:30:00,219.005,216.0615,221.9485,223.7676,2025-01-17 18:03:00,216.0615,INITIAL_STOP,-1.131,0.0,True,False,crypto
SOL/USDT,2025-01-21 13:20:00,2025-01-21 13:30:00,SHORT,2025-01-21 13:46:00,242.005,244.713,239.297,237.6234,2025-01-21 14:18:00,241.5791,BE_STOP,0.343,0.5,False,False,crypto
SOL/USDT,2025-01-21 22:55:00,2025-01-21 23:40:00,LONG,2025-01-22 00:08:00,248.665,246.317,251.013,252.4641,2025-01-22 00:43:00,252.4641,GRID_B_FULL_TP,1.123,1.309,True,False,crypto
SOL/USDT,2025-01-22 15:00:00,2025-01-22 15:55:00,LONG,2025-01-22 16:00:00,256.935,254.0946,259.7754,261.5308,2025-01-22 16:16:00,254.0946,INITIAL_STOP,-1.159,0.0,False,False,crypto
SOL/USDT,2025-02-02 20:15:00,2025-02-02 20:35:00,SHORT,2025-02-02 22:02:00,204.225,207.0863,201.3637,199.5954,2025-02-02 22:38:00,199.5954,GRID_B_FULL_TP,1.183,1.309,True,False,crypto
SOL/USDT,2025-02-03 18:50:00,2025-02-03 20:10:00,SHORT,2025-02-03 21:24:00,213.045,215.6896,210.4004,208.7661,2025-02-03 21:37:00,215.6896,INITIAL_STOP,-1.142,0.0,True,False,crypto
SOL/USDT,2025-02-07 02:15:00,2025-02-07 03:25:00,SHORT,2025-02-07 04:08:00,194.475,196.1617,192.7883,191.7459,2025-02-07 06:02:00,191.7459,GRID_B_FULL_TP,1.106,1.309,False,False,crypto
SOL/USDT,2025-02-25 16:40:00,2025-02-25 17:40:00,SHORT,2025-02-25 18:07:00,144.03,145.216,142.844,142.111,2025-02-25 18:12:00,142.111,GRID_B_FULL_TP,1.095,1.309,False,False,crypto
SOL/USDT,2025-02-26 15:30:00,2025-02-26 15:55:00,SHORT,2025-02-26 16:01:00,139.415,140.6791,138.1509,137.3696,2025-02-26 16:17:00,137.3696,GRID_B_FULL_TP,1.115,1.309,True,False,crypto
SOL/USDT,2025-02-27 02:25:00,2025-02-27 02:35:00,SHORT,2025-02-27 03:23:00,137.4,139.0061,135.7939,134.8013,2025-02-27 03:57:00,139.0061,INITIAL_STOP,-1.151,0.0,False,False,crypto
SOL/USDT,2025-02-27 06:50:00,2025-02-27 07:05:00,SHORT,2025-02-27 07:21:00,141.93,143.1129,140.7471,140.0161,2025-02-27 08:29:00,140.0161,GRID_B_FULL_TP,1.098,1.309,True,False,crypto
SOL/USDT,2025-03-01 10:20:00,2025-03-01 11:25:00,LONG,2025-03-01 11:30:00,140.075,139.3199,140.8301,141.2968,2025-03-01 12:26:00,140.3215,BE_STOP,0.174,0.5,True,False,crypto
SOL/USDT,2025-03-11 13:25:00,2025-03-11 13:55:00,SHORT,2025-03-11 14:00:00,122.995,126.4545,119.5355,117.3975,2025-03-11 15:12:00,122.7785,BE_STOP,0.437,0.5,True,False,crypto
SOL/USDT,2025-03-19 18:05:00,2025-03-19 18:15:00,LONG,2025-03-19 18:20:00,130.3,127.9846,132.6155,134.0464,2025-03-19 19:08:00,134.0464,GRID_B_FULL_TP,1.21,1.309,True,False,crypto
SOL/USDT,2025-04-16 15:25:00,2025-04-16 16:40:00,SHORT,2025-04-16 16:51:00,127.925,129.7919,126.0581,124.9044,2025-04-16 17:18:00,129.7919,INITIAL_STOP,-1.121,0.0,True,False,crypto
SOL/USDT,2025-04-30 18:05:00,2025-04-30 19:20:00,SHORT,2025-04-30 19:46:00,145.38,146.2781,144.4819,143.9269,2025-04-30 20:02:00,146.2781,INITIAL_STOP,-1.285,0.0,True,False,crypto
SOL/USDT,2025-05-09 14:20:00,2025-05-09 15:15:00,LONG,2025-05-09 15:20:00,169.835,167.1052,172.5648,174.2517,2025-05-10 00:09:00,174.2517,GRID_B_FULL_TP,1.199,1.309,True,False,crypto
SOL/USDT,2025-05-19 16:55:00,2025-05-19 17:15:00,SHORT,2025-05-19 17:23:00,166.425,167.6396,165.2104,164.4597,2025-05-19 18:30:00,164.4597,GRID_B_FULL_TP,1.068,1.309,False,False,crypto
SOL/USDT,2025-07-03 12:35:00,2025-07-03 13:00:00,LONG,2025-07-03 13:10:00,152.91,151.6906,154.1294,154.8829,2025-07-03 13:57:00,154.8829,GRID_B_FULL_TP,1.088,1.309,False,False,crypto
SOL/USDT,2025-07-15 17:45:00,2025-07-15 18:35:00,SHORT,2025-07-15 18:51:00,162.38,163.9436,160.8164,159.8501,2025-07-15 20:05:00,159.8501,GRID_B_FULL_TP,1.126,1.309,False,False,crypto
SOL/USDT,2025-07-21 19:30:00,2025-07-21 20:10:00,LONG,2025-07-21 20:52:00,195.11,192.7173,197.5027,198.9813,2025-07-22 00:29:00,198.9813,GRID_B_FULL_TP,1.165,1.309,True,False,crypto
SOL/USDT,2025-07-29 07:40:00,2025-07-29 08:30:00,SHORT,2025-07-29 08:36:00,185.7,186.9586,184.4414,183.6637,2025-07-29 10:10:00,183.6637,GRID_B_FULL_TP,1.049,1.309,True,False,crypto
SOL/USDT,2025-08-05 07:35:00,2025-08-05 08:20:00,LONG,2025-08-05 08:39:00,166.445,165.4103,167.4797,168.1191,2025-08-05 09:35:00,168.1191,GRID_B_FULL_TP,1.026,1.309,True,False,crypto
SOL/USDT,2025-08-07 16:45:00,2025-08-07 17:45:00,LONG,2025-08-07 18:02:00,169.13,166.7463,171.5137,172.9868,2025-08-07 20:30:00,172.9868,GRID_B_FULL_TP,1.184,1.309,False,False,crypto
SOL/USDT,2025-08-13 15:05:00,2025-08-13 15:25:00,LONG,2025-08-13 15:30:00,196.465,193.8553,199.0747,200.6875,2025-08-13 18:13:00,200.6875,GRID_B_FULL_TP,1.177,1.309,False,False,crypto
SOL/USDT,2025-08-13 14:15:00,2025-08-13 15:25:00,LONG,2025-08-13 15:30:00,196.465,193.8553,199.0747,200.6875,2025-08-13 18:13:00,200.6875,GRID_B_FULL_TP,1.177,1.309,True,False,crypto
SOL/USDT,2025-08-14 12:30:00,2025-08-14 13:50:00,LONG,2025-08-14 14:03:00,194.29,186.3886,202.1914,207.0745,2025-08-15 15:06:00,186.3886,INITIAL_STOP,-1.043,0.0,True,False,crypto
SOL/USDT,2025-08-14 13:00:00,2025-08-14 13:50:00,LONG,2025-08-14 14:03:00,194.29,186.3886,202.1914,207.0745,2025-08-15 15:06:00,186.3886,INITIAL_STOP,-1.043,0.0,True,False,crypto
SOL/USDT,2025-08-15 22:55:00,2025-08-15 23:05:00,SHORT,2025-08-16 00:36:00,187.23,188.5408,185.9192,185.1091,2025-08-16 07:30:00,188.5408,INITIAL_STOP,-1.251,0.0,True,False,crypto
SOL/USDT,2025-08-20 08:30:00,2025-08-20 09:30:00,SHORT,2025-08-20 09:38:00,181.855,182.5228,181.1872,180.7745,2025-08-20 10:18:00,181.5349,BE_STOP,0.021,0.5,True,False,crypto
SOL/USDT,2025-08-21 16:55:00,2025-08-21 17:35:00,LONG,2025-08-21 17:53:00,180.84,179.5787,182.1013,182.8807,2025-08-21 19:08:00,182.8807,GRID_B_FULL_TP,1.057,1.309,True,False,crypto
SOL/USDT,2025-08-26 19:25:00,2025-08-26 20:35:00,SHORT,2025-08-26 22:17:00,197.16,198.1957,196.1243,195.4842,2025-08-26 23:02:00,196.813,BE_STOP,0.165,0.5,True,False,crypto
SOL/USDT,2025-08-28 00:30:00,2025-08-28 00:45:00,LONG,2025-08-28 00:55:00,203.135,201.4153,204.8547,205.9175,2025-08-28 01:34:00,205.9175,GRID_B_FULL_TP,1.101,1.309,False,False,crypto
SOL/USDT,2025-09-09 13:05:00,2025-09-09 13:30:00,LONG,2025-09-09 14:01:00,217.0,215.9745,218.0255,218.6593,2025-09-09 14:03:00,215.9745,INITIAL_STOP,-1.372,0.0,True,False,crypto
SOL/USDT,2025-09-24 12:00:00,2025-09-24 12:55:00,SHORT,2025-09-24 13:05:00,212.225,213.7183,210.7317,209.8088,2025-09-24 14:26:00,213.7183,INITIAL_STOP,-1.25,0.0,False,False,crypto
SOL/USDT,2025-10-10 01:05:00,2025-10-10 01:40:00,SHORT,2025-10-10 02:18:00,221.41,222.4221,220.3979,219.7724,2025-10-10 03:03:00,219.7724,GRID_B_FULL_TP,0.924,1.309,False,False,crypto
SOL/USDT,2025-10-18 06:45:00,2025-10-18 07:20:00,SHORT,2025-10-18 07:27:00,187.625,188.5414,186.7086,186.1422,2025-10-18 07:58:00,186.1422,GRID_B_FULL_TP,0.949,1.309,True,False,crypto
SOL/USDT,2025-10-24 15:35:00,2025-10-24 16:15:00,LONG,2025-10-24 16:41:00,189.62,188.5456,190.6944,191.3584,2025-10-24 17:04:00,191.3584,GRID_B_FULL_TP,0.998,1.309,True,False,crypto
SOL/USDT,2025-10-30 02:35:00,2025-10-30 03:45:00,SHORT,2025-10-30 03:59:00,197.15,198.4857,195.8143,194.9888,2025-10-30 04:10:00,194.9888,GRID_B_FULL_TP,1.049,1.309,False,False,crypto
SOL/USDT,2025-11-03 00:05:00,2025-11-03 00:25:00,SHORT,2025-11-03 00:40:00,188.245,189.4124,187.0776,186.3562,2025-11-03 01:07:00,186.3562,GRID_B_FULL_TP,1.025,1.309,False,False,crypto
SOL/USDT,2025-11-04 01:35:00,2025-11-04 02:30:00,SHORT,2025-11-04 03:18:00,167.925,168.6719,167.1781,166.7165,2025-11-04 04:20:00,166.7165,GRID_B_FULL_TP,0.913,1.309,False,False,crypto
SOL/USDT,2025-11-04 14:45:00,2025-11-04 15:10:00,SHORT,2025-11-04 15:18:00,164.045,165.3261,162.7639,161.9722,2025-11-04 15:52:00,161.9722,GRID_B_FULL_TP,1.084,1.309,False,False,crypto
SOL/USDT,2025-11-10 21:45:00,2025-11-10 22:00:00,LONG,2025-11-10 22:13:00,165.35,164.562,166.138,166.625,2025-11-10 22:47:00,166.625,GRID_B_FULL_TP,0.94,1.309,False,False,crypto
SOL/USDT,2025-11-12 11:00:00,2025-11-12 11:30:00,SHORT,2025-11-12 12:09:00,160.135,161.3802,158.8898,158.1203,2025-11-12 13:28:00,159.8532,BE_STOP,0.274,0.5,True,False,crypto
SOL/USDT,2025-12-03 14:00:00,2025-12-03 14:40:00,LONG,2025-12-03 14:59:00,140.995,138.5685,143.4215,144.9211,2025-12-03 21:57:00,144.9211,GRID_B_FULL_TP,1.207,1.309,False,False,crypto
SOL/USDT,2025-12-15 14:10:00,2025-12-15 14:25:00,SHORT,2025-12-15 14:36:00,133.505,135.6303,131.3797,130.0663,2025-12-15 14:57:00,130.0663,GRID_B_FULL_TP,1.198,1.309,True,False,crypto
SOL/USDT,2026-01-03 07:20:00,2026-01-03 08:30:00,LONG,2026-01-03 09:12:00,130.435,129.4043,131.4657,132.1026,2026-01-03 14:32:00,132.1026,GRID_B_FULL_TP,1.086,1.309,True,False,crypto
SOL/USDT,2026-01-16 12:20:00,2026-01-16 12:50:00,SHORT,2026-01-16 12:59:00,143.665,144.0755,143.2545,143.0008,2026-01-16 13:34:00,143.0008,GRID_B_FULL_TP,0.693,1.309,True,False,crypto
SOL/USDT,2026-01-31 23:20:00,2026-02-01 00:40:00,SHORT,2026-02-01 00:49:00,105.695,106.7085,104.6815,104.0551,2026-02-01 02:10:00,105.509,BE_STOP,0.316,0.5,True,False,crypto
SOL/USDT,2026-02-28 13:45:00,2026-02-28 14:50:00,SHORT,2026-02-28 15:28:00,80.965,81.6314,80.2986,79.8867,2026-02-28 18:32:00,81.6314,INITIAL_STOP,-1.214,0.0,True,False,crypto
SOL/USDT,2026-03-04 23:20:00,2026-03-04 23:40:00,LONG,2026-03-04 23:56:00,90.825,90.1538,91.4962,91.9111,2026-03-05 01:39:00,90.1538,INITIAL_STOP,-1.238,0.0,True,False,crypto
SOL/USDT,2026-04-16 13:15:00,2026-04-16 13:35:00,SHORT,2026-04-16 15:08:00,85.965,86.4089,85.5211,85.2467,2026-04-16 15:20:00,86.4089,INITIAL_STOP,-1.341,0.0,True,False,crypto
SOL/USDT,2026-06-19 04:25:00,2026-06-19 05:05:00,LONG,2026-06-19 05:20:00,68.45,68.0973,68.8027,69.0206,2026-06-19 06:36:00,68.5705,BE_STOP,0.158,0.5,False,False,crypto
SOL/USDT,2026-08-28 02:20:00,2026-08-28 03:20:00,LONG,2026-08-28 03:56:00,106.71,105.7099,107.7101,108.3281,2026-08-28 07:08:00,106.8978,BE_STOP,0.312,0.5,False,False,crypto
BNB/USDT,2024-07-18 13:05:00,2024-07-18 13:25:00,SHORT,2024-07-18 13:31:00,577.7,580.4666,574.9335,573.2237,2024-07-18 13:39:00,576.6832,BE_STOP,0.132,0.5,True,False,crypto
BNB/USDT,2024-07-25 09:25:00,2024-07-25 09:40:00,SHORT,2024-07-25 11:07:00,566.2,569.5493,562.8507,560.7808,2024-07-25 12:42:00,560.7808,GRID_B_FULL_TP,1.011,1.309,False,False,crypto
BNB/USDT,2024-07-29 16:30:00,2024-07-29 17:10:00,LONG,2024-07-29 17:16:00,575.95,571.3361,580.5639,583.4153,2024-07-30 00:16:00,571.3361,INITIAL_STOP,-1.22,0.0,True,False,crypto
BNB/USDT,2024-08-18 04:25:00,2024-08-18 04:40:00,LONG,2024-08-18 04:45:00,535.7,533.4964,537.9036,539.2653,2024-08-18 06:09:00,539.2653,GRID_B_FULL_TP,0.881,1.309,False,False,crypto
BNB/USDT,2024-09-18 18:00:00,2024-09-18 19:05:00,SHORT,2024-09-18 19:11:00,546.8,555.8202,537.7798,532.2053,2024-09-18 23:10:00,555.8202,INITIAL_STOP,-1.107,0.0,True,False,crypto
BNB/USDT,2024-09-26 07:40:00,2024-09-26 08:45:00,SHORT,2024-09-26 08:50:00,596.25,598.0944,594.4056,593.2658,2024-09-26 10:18:00,595.2006,BE_STOP,-0.069,0.5,True,False,crypto
BNB/USDT,2024-11-13 13:45:00,2024-11-13 15:05:00,SHORT,2024-11-13 15:24:00,632.22,638.5683,625.8717,621.9484,2024-11-13 16:45:00,631.1073,BE_STOP,0.325,0.5,False,False,crypto
BNB/USDT,2024-11-22 10:55:00,2024-11-22 11:25:00,LONG,2024-11-22 12:17:00,623.575,620.0646,627.0854,629.2548,2024-11-22 13:12:00,624.6725,BE_STOP,0.187,0.5,False,False,crypto
BNB/USDT,2024-11-27 10:35:00,2024-11-27 11:05:00,SHORT,2024-11-27 11:12:00,623.935,627.5059,620.3641,618.1573,2024-11-27 11:20:00,627.5059,INITIAL_STOP,-1.308,0.0,True,False,crypto
BNB/USDT,2024-12-05 05:20:00,2024-12-05 05:35:00,SHORT,2024-12-05 07:32:00,729.36,740.994,717.726,710.5361,2024-12-05 20:04:00,710.5361,GRID_B_FULL_TP,1.199,1.309,False,False,crypto
BNB/USDT,2024-12-11 04:00:00,2024-12-11 05:10:00,SHORT,2024-12-11 06:15:00,679.945,683.2099,676.6801,674.6624,2024-12-11 08:18:00,683.2099,INITIAL_STOP,-1.367,0.0,False,False,crypto
BNB/USDT,2025-02-04 12:30:00,2025-02-04 12:45:00,SHORT,2025-02-04 12:54:00,588.405,591.9626,584.8474,582.6488,2025-02-04 13:56:00,582.6488,GRID_B_FULL_TP,1.018,1.309,False,False,crypto
BNB/USDT,2025-02-12 13:35:00,2025-02-12 14:40:00,LONG,2025-02-12 15:11:00,641.81,632.2873,651.3327,657.2178,2025-02-12 15:43:00,657.2178,GRID_B_FULL_TP,1.19,1.309,False,False,crypto
BNB/USDT,2025-02-25 20:30:00,2025-02-25 21:10:00,SHORT,2025-02-25 21:20:00,622.13,625.9332,618.3268,615.9764,2025-02-25 22:04:00,625.9332,INITIAL_STOP,-1.288,0.0,True,False,crypto
BNB/USDT,2025-03-11 08:50:00,2025-03-11 09:50:00,SHORT,2025-03-11 09:56:00,561.925,565.8429,558.0071,555.5859,2025-03-11 10:10:00,565.8429,INITIAL_STOP,-1.252,0.0,True,False,crypto
BNB/USDT,2025-03-19 18:40:00,2025-03-19 19:55:00,SHORT,2025-03-19 21:08:00,616.85,623.4253,610.2747,606.2112,2025-03-20 00:55:00,623.4253,INITIAL_STOP,-1.165,0.0,False,False,crypto
BNB/USDT,2025-04-07 13:55:00,2025-04-07 14:25:00,SHORT,2025-04-07 14:33:00,559.91,568.4399,551.3801,546.1087,2025-04-07 15:01:00,558.9246,BE_STOP,0.384,0.5,False,False,crypto
BNB/USDT,2025-04-07 14:15:00,2025-04-07 14:25:00,SHORT,2025-04-07 14:33:00,559.91,568.4399,551.3801,546.1087,2025-04-07 15:01:00,558.9246,BE_STOP,0.384,0.5,True,False,crypto
BNB/USDT,2025-07-17 16:20:00,2025-07-17 17:10:00,LONG,2025-07-17 17:20:00,716.37,712.6654,720.0746,722.364,2025-07-17 19:55:00,717.6308,BE_STOP,0.16,0.5,False,False,crypto
BNB/USDT,2025-07-25 12:00:00,2025-07-25 12:25:00,SHORT,2025-07-25 12:30:00,773.525,781.1603,765.8897,761.1711,2025-07-25 14:58:00,761.1711,GRID_B_FULL_TP,1.131,1.309,True,False,crypto
BNB/USDT,2025-08-05 07:35:00,2025-08-05 08:20:00,LONG,2025-08-05 08:36:00,757.825,754.0133,761.6367,763.9924,2025-08-05 10:28:00,763.9924,GRID_B_FULL_TP,0.959,1.309,True,False,crypto
BNB/USDT,2025-08-15 04:10:00,2025-08-15 04:50:00,SHORT,2025-08-15 05:07:00,849.97,854.065,845.875,843.3444,2025-08-15 05:59:00,848.4741,BE_STOP,0.135,0.5,False,False,crypto
BNB/USDT,2025-08-24 18:35:00,2025-08-24 18:55:00,SHORT,2025-08-24 19:07:00,880.265,884.7804,875.7496,872.9591,2025-08-24 19:34:00,872.9591,GRID_B_FULL_TP,0.966,1.309,False,False,crypto
BNB/USDT,2025-10-05 10:05:00,2025-10-05 10:20:00,LONG,2025-10-05 10:35:00,1158.06,1152.1029,1164.0171,1167.6986,2025-10-05 11:13:00,1160.0982,BE_STOP,0.158,0.5,False,False,crypto
BNB/USDT,2025-10-08 15:20:00,2025-10-08 16:10:00,LONG,2025-10-08 16:17:00,1294.92,1283.0576,1306.7824,1314.1133,2025-10-08 18:00:00,1314.1133,GRID_B_FULL_TP,1.117,1.309,False,False,crypto
BNB/USDT,2025-10-09 22:00:00,2025-10-09 22:35:00,SHORT,2025-10-09 22:40:00,1256.255,1260.3844,1252.1256,1249.5737,2025-10-09 22:59:00,1260.3844,INITIAL_STOP,-1.535,0.0,True,False,crypto
BNB/USDT,2025-10-10 19:55:00,2025-10-10 20:35:00,SHORT,2025-10-10 20:42:00,1232.2,1248.8883,1215.5117,1205.1983,2025-10-10 20:56:00,1205.1983,GRID_B_FULL_TP,1.179,1.309,True,False,crypto
BNB/USDT,2025-10-18 01:20:00,2025-10-18 01:50:00,SHORT,2025-10-18 01:58:00,1087.47,1091.6812,1083.2588,1080.6563,2025-10-18 02:08:00,1091.6812,INITIAL_STOP,-1.454,0.0,False,False,crypto
BNB/USDT,2025-10-21 11:35:00,2025-10-21 12:00:00,SHORT,2025-10-21 12:06:00,1077.49,1081.2962,1073.6838,1071.3315,2025-10-21 12:21:00,1081.2962,INITIAL_STOP,-1.498,0.0,False,False,crypto
BNB/USDT,2025-10-26 17:00:00,2025-10-26 17:10:00,LONG,2025-10-26 17:49:00,1126.205,1121.4907,1130.9193,1133.8327,2025-10-26 22:02:00,1133.8327,GRID_B_FULL_TP,0.889,1.309,True,False,crypto
BNB/USDT,2025-10-31 00:50:00,2025-10-31 02:10:00,SHORT,2025-10-31 02:25:00,1082.525,1090.7338,1074.3162,1069.2432,2025-10-31 04:09:00,1090.7338,INITIAL_STOP,-1.232,0.0,False,False,crypto
BNB/USDT,2025-11-04 11:20:00,2025-11-04 11:30:00,SHORT,2025-11-04 11:39:00,958.305,964.5975,952.0125,948.1238,2025-11-04 12:41:00,948.1238,GRID_B_FULL_TP,1.041,1.309,False,False,crypto
BNB/USDT,2025-11-12 13:45:00,2025-11-12 14:05:00,SHORT,2025-11-12 14:11:00,975.655,980.0735,971.2365,968.5059,2025-11-12 14:47:00,968.5059,GRID_B_FULL_TP,0.92,1.309,True,False,crypto
BNB/USDT,2025-11-12 21:10:00,2025-11-12 21:25:00,SHORT,2025-11-12 21:32:00,955.825,959.2237,952.4263,950.3258,2025-11-12 22:23:00,954.1427,BE_STOP,0.005,0.5,True,False,crypto
BNB/USDT,2025-11-13 23:35:00,2025-11-13 23:55:00,SHORT,2025-11-14 00:33:00,928.815,934.0732,923.5568,920.3072,2025-11-14 00:52:00,920.3072,GRID_B_FULL_TP,0.998,1.309,True,False,crypto
BNB/USDT,2025-11-14 16:30:00,2025-11-14 17:50:00,SHORT,2025-11-14 18:13:00,926.275,934.7594,917.7906,912.5472,2025-11-14 21:05:00,924.6448,BE_STOP,0.308,0.5,False,False,crypto
BNB/USDT,2025-12-11 21:30:00,2025-12-11 22:20:00,SHORT,2025-12-11 22:34:00,888.055,892.8321,883.2779,880.3257,2025-12-11 23:33:00,886.492,BE_STOP,0.173,0.5,False,False,crypto
BNB/USDT,2025-12-19 03:25:00,2025-12-19 04:40:00,SHORT,2025-12-19 05:14:00,838.14,843.1872,833.0928,829.9736,2025-12-19 06:55:00,843.1872,INITIAL_STOP,-1.292,0.0,False,False,crypto
BNB/USDT,2026-01-09 15:35:00,2026-01-09 16:25:00,SHORT,2026-01-09 16:48:00,898.96,902.4084,895.5116,893.3804,2026-01-09 17:22:00,897.3778,BE_STOP,0.041,0.5,True,False,crypto
BNB/USDT,2026-02-06 17:15:00,2026-02-06 18:10:00,SHORT,2026-02-06 18:39:00,656.795,670.6352,642.9548,634.4016,2026-02-07 07:16:00,634.4016,GRID_B_FULL_TP,1.225,1.309,True,False,crypto
BNB/USDT,2026-03-01 17:20:00,2026-03-01 18:05:00,LONG,2026-03-01 18:32:00,621.975,616.457,627.493,630.9031,2026-03-01 20:23:00,616.457,INITIAL_STOP,-1.198,0.0,False,False,crypto
BNB/USDT,2026-06-08 05:05:00,2026-06-08 05:55:00,LONG,2026-06-08 07:06:00,593.98,590.659,597.301,599.3533,2026-06-08 08:01:00,595.0254,BE_STOP,0.185,0.5,False,False,crypto
BNB/USDT,2026-06-10 15:45:00,2026-06-10 16:45:00,SHORT,2026-06-10 17:02:00,593.685,599.4105,587.9595,584.4211,2026-06-10 21:14:00,584.4211,GRID_B_FULL_TP,1.127,1.309,True,False,crypto
BNB/USDT,2026-07-17 00:05:00,2026-07-17 00:20:00,LONG,2026-07-17 00:28:00,572.2,570.7417,573.6583,574.5595,2026-07-17 00:36:00,570.7417,INITIAL_STOP,-1.691,0.0,False,False,crypto
BNB/USDT,2026-07-31 14:10:00,2026-07-31 14:35:00,LONG,2026-07-31 14:42:00,586.85,583.8197,589.8803,591.753,2026-08-01 04:47:00,591.753,GRID_B_FULL_TP,0.968,1.309,False,False,crypto
DOGE/USDT,2024-08-09 13:35:00,2024-08-09 13:50:00,LONG,2024-08-09 14:30:00,0.103,0.1022,0.1038,0.1043,2024-08-09 14:32:00,0.1022,INITIAL_STOP,-1.223,0.0,True,False,crypto
DOGE/USDT,2024-09-22 22:00:00,2024-09-22 22:20:00,LONG,2024-09-23 00:15:00,0.1045,0.1036,0.1054,0.1059,2024-09-23 00:38:00,0.1059,GRID_B_FULL_TP,1.097,1.309,True,False,crypto
DOGE/USDT,2024-11-11 03:20:00,2024-11-11 03:35:00,LONG,2024-11-11 05:16:00,0.289,0.2846,0.2934,0.2961,2024-11-11 05:25:00,0.2846,INITIAL_STOP,-1.115,0.0,False,False,crypto
DOGE/USDT,2024-11-26 02:50:00,2024-11-26 03:05:00,SHORT,2024-11-26 03:38:00,0.4063,0.4094,0.4032,0.4012,2024-11-26 04:31:00,0.4055,BE_STOP,0.27,0.5,False,False,crypto
DOGE/USDT,2024-12-05 07:15:00,2024-12-05 07:25:00,LONG,2024-12-05 09:04:00,0.4354,0.4304,0.4403,0.4434,2024-12-05 10:09:00,0.4434,GRID_B_FULL_TP,1.154,1.309,False,False,crypto
DOGE/USDT,2024-12-15 04:20:00,2024-12-15 04:35:00,SHORT,2024-12-15 04:40:00,0.4001,0.403,0.3972,0.3954,2024-12-15 07:32:00,0.3954,GRID_B_FULL_TP,1.065,1.309,False,False,crypto
DOGE/USDT,2024-12-20 19:35:00,2024-12-20 20:05:00,SHORT,2024-12-20 20:12:00,0.3164,0.3203,0.3125,0.3101,2024-12-20 20:58:00,0.3101,GRID_B_FULL_TP,1.167,1.309,False,False,crypto
DOGE/USDT,2024-12-21 01:10:00,2024-12-21 01:40:00,SHORT,2024-12-21 01:45:00,0.325,0.3327,0.3173,0.3125,2024-12-21 05:29:00,0.3327,INITIAL_STOP,-1.074,0.0,False,False,crypto
DOGE/USDT,2024-12-21 01:15:00,2024-12-21 01:40:00,SHORT,2024-12-21 01:45:00,0.325,0.3327,0.3173,0.3125,2024-12-21 05:29:00,0.3327,INITIAL_STOP,-1.074,0.0,False,False,crypto
DOGE/USDT,2024-12-25 16:20:00,2024-12-25 16:50:00,LONG,2024-12-25 17:05:00,0.3279,0.325,0.3308,0.3326,2024-12-25 19:19:00,0.3326,GRID_B_FULL_TP,1.111,1.309,True,False,crypto
DOGE/USDT,2024-12-30 01:35:00,2024-12-30 01:45:00,SHORT,2024-12-30 01:53:00,0.3206,0.3235,0.3176,0.3158,2024-12-30 02:45:00,0.32,BE_STOP,0.308,0.5,False,False,crypto
DOGE/USDT,2025-01-10 06:55:00,2025-01-10 07:55:00,SHORT,2025-01-10 08:00:00,0.3367,0.34,0.3333,0.3313,2025-01-10 13:30:00,0.3313,GRID_B_FULL_TP,1.132,1.309,True,False,crypto
DOGE/USDT,2025-01-10 07:40:00,2025-01-10 07:55:00,SHORT,2025-01-10 08:00:00,0.3367,0.34,0.3333,0.3313,2025-01-10 13:30:00,0.3313,GRID_B_FULL_TP,1.132,1.309,True,False,crypto
DOGE/USDT,2025-01-15 11:05:00,2025-01-15 11:50:00,LONG,2025-01-15 12:01:00,0.3511,0.3483,0.354,0.3557,2025-01-15 12:23:00,0.3483,INITIAL_STOP,-1.218,0.0,True,False,crypto
DOGE/USDT,2025-02-04 11:00:00,2025-02-04 11:55:00,SHORT,2025-02-04 12:06:00,0.2697,0.2731,0.2662,0.264,2025-02-04 12:31:00,0.2731,INITIAL_STOP,-1.137,0.0,False,False,crypto
DOGE/USDT,2025-02-11 13:30:00,2025-02-11 14:10:00,LONG,2025-02-11 14:31:00,0.2577,0.2549,0.2604,0.2621,2025-02-11 15:08:00,0.2581,BE_STOP,0.335,0.5,False,False,crypto
DOGE/USDT,2025-02-17 14:05:00,2025-02-17 15:10:00,SHORT,2025-02-17 15:21:00,0.2669,0.2692,0.2646,0.2632,2025-02-17 15:39:00,0.2632,GRID_B_FULL_TP,1.106,1.309,False,False,crypto
DOGE/USDT,2025-03-24 23:20:00,2025-03-24 23:55:00,LONG,2025-03-25 00:00:00,0.1828,0.1816,0.1839,0.1846,2025-03-25 00:34:00,0.1846,GRID_B_FULL_TP,1.02,1.309,True,False,crypto
DOGE/USDT,2025-04-28 19:30:00,2025-04-28 20:05:00,SHORT,2025-04-28 20:22:00,0.1787,0.1798,0.1775,0.1768,2025-04-28 21:52:00,0.1784,BE_STOP,0.221,0.5,False,False,crypto
DOGE/USDT,2025-05-07 00:20:00,2025-05-07 00:50:00,SHORT,2025-05-07 00:55:00,0.1733,0.1746,0.1719,0.1711,2025-05-07 02:52:00,0.1711,GRID_B_FULL_TP,1.083,1.309,False,False,crypto
DOGE/USDT,2025-05-13 11:20:00,2025-05-13 11:55:00,SHORT,2025-05-13 12:30:00,0.2286,0.2303,0.2268,0.2257,2025-05-13 12:32:00,0.2303,INITIAL_STOP,-1.226,0.0,False,False,crypto
DOGE/USDT,2025-07-12 08:45:00,2025-07-12 09:40:00,LONG,2025-07-12 10:12:00,0.2016,0.1989,0.2042,0.2059,2025-07-12 12:15:00,0.1989,INITIAL_STOP,-1.133,0.0,False,False,crypto
DOGE/USDT,2025-07-20 21:00:00,2025-07-20 21:30:00,LONG,2025-07-20 21:38:00,0.2691,0.2662,0.2721,0.274,2025-07-20 22:08:00,0.2696,BE_STOP,0.341,0.5,True,False,crypto
DOGE/USDT,2025-08-09 22:45:00,2025-08-09 23:35:00,LONG,2025-08-09 23:55:00,0.2404,0.2391,0.2417,0.2425,2025-08-10 00:48:00,0.2425,GRID_B_FULL_TP,0.986,1.309,True,False,crypto
DOGE/USDT,2025-08-12 12:30:00,2025-08-12 13:05:00,SHORT,2025-08-12 13:11:00,0.2255,0.2282,0.2227,0.221,2025-08-12 14:07:00,0.2251,BE_STOP,0.356,0.5,True,False,crypto
DOGE/USDT,2025-08-19 13:30:00,2025-08-19 13:45:00,SHORT,2025-08-19 13:51:00,0.2194,0.2227,0.2161,0.2141,2025-08-19 14:31:00,0.2141,GRID_B_FULL_TP,1.192,1.309,False,False,crypto
DOGE/USDT,2025-08-23 02:30:00,2025-08-23 03:15:00,LONG,2025-08-23 03:37:00,0.2311,0.2287,0.2335,0.2351,2025-08-23 04:52:00,0.2351,GRID_B_FULL_TP,1.142,1.309,False,False,crypto
DOGE/USDT,2025-08-24 15:05:00,2025-08-24 15:40:00,SHORT,2025-08-24 16:55:00,0.2325,0.2344,0.2307,0.2295,2025-08-24 17:40:00,0.2344,INITIAL_STOP,-1.221,0.0,True,False,crypto
DOGE/USDT,2025-08-29 12:30:00,2025-08-29 13:20:00,SHORT,2025-08-29 13:28:00,0.2178,0.2213,0.2142,0.212,2025-08-29 16:05:00,0.212,GRID_B_FULL_TP,1.202,1.309,True,False,crypto
DOGE/USDT,2025-09-15 21:45:00,2025-09-15 22:35:00,SHORT,2025-09-15 22:57:00,0.2671,0.2698,0.2644,0.2627,2025-09-16 01:27:00,0.2698,INITIAL_STOP,-1.172,0.0,True,False,crypto
DOGE/USDT,2025-10-17 11:25:00,2025-10-17 12:30:00,SHORT,2025-10-17 12:36:00,0.1832,0.1846,0.1819,0.1811,2025-10-17 13:23:00,0.1829,BE_STOP,0.26,0.5,True,False,crypto
DOGE/USDT,2025-10-27 11:20:00,2025-10-27 11:35:00,LONG,2025-10-27 12:31:00,0.2026,0.2013,0.2039,0.2047,2025-10-27 13:41:00,0.2013,INITIAL_STOP,-1.276,0.0,True,False,crypto
DOGE/USDT,2025-10-31 00:50:00,2025-10-31 02:10:00,SHORT,2025-10-31 02:25:00,0.1849,0.1861,0.1836,0.1829,2025-10-31 03:10:00,0.1846,BE_STOP,0.238,0.5,False,False,crypto
DOGE/USDT,2025-11-14 07:45:00,2025-11-14 08:10:00,SHORT,2025-11-14 08:19:00,0.1649,0.1665,0.1632,0.1622,2025-11-14 09:34:00,0.1622,GRID_B_FULL_TP,1.133,1.309,True,False,crypto
DOGE/USDT,2025-11-17 00:35:00,2025-11-17 01:55:00,SHORT,2025-11-17 02:06:00,0.1593,0.1609,0.1577,0.1567,2025-11-17 03:14:00,0.1609,INITIAL_STOP,-1.175,0.0,False,False,crypto
DOGE/USDT,2025-12-13 12:10:00,2025-12-13 12:25:00,SHORT,2025-12-13 12:30:00,0.1396,0.1402,0.139,0.1387,2025-12-13 12:56:00,0.1394,BE_STOP,0.087,0.5,True,False,crypto
DOGE/USDT,2025-12-19 03:25:00,2025-12-19 04:25:00,SHORT,2025-12-19 04:32:00,0.126,0.1267,0.1254,0.125,2025-12-19 06:35:00,0.1258,BE_STOP,0.158,0.5,False,False,crypto
DOGE/USDT,2026-01-26 01:50:00,2026-01-26 02:05:00,SHORT,2026-01-26 02:22:00,0.1222,0.123,0.1214,0.1209,2026-01-26 04:20:00,0.122,BE_STOP,0.227,0.5,False,False,crypto
DOGE/USDT,2026-05-10 20:45:00,2026-05-10 21:05:00,LONG,2026-05-10 21:12:00,0.1081,0.1063,0.1099,0.1111,2026-05-10 22:40:00,0.1111,GRID_B_FULL_TP,1.205,1.309,True,False,crypto
ADA/USDT,2024-07-07 13:25:00,2024-07-07 14:30:00,LONG,2024-07-07 14:47:00,0.354,0.3514,0.3567,0.3584,2024-07-07 16:17:00,0.3584,GRID_B_FULL_TP,1.077,1.309,True,False,crypto
ADA/USDT,2024-10-07 10:20:00,2024-10-07 11:15:00,LONG,2024-10-07 12:20:00,0.355,0.3528,0.3572,0.3586,2024-10-07 13:36:00,0.3556,BE_STOP,0.22,0.5,True,False,crypto
ADA/USDT,2024-11-13 11:15:00,2024-11-13 11:25:00,SHORT,2024-11-13 13:23:00,0.5403,0.5444,0.5361,0.5335,2024-11-13 13:29:00,0.5444,INITIAL_STOP,-1.229,0.0,False,False,crypto
ADA/USDT,2024-11-16 23:25:00,2024-11-17 00:00:00,LONG,2024-11-17 01:25:00,0.7396,0.7296,0.7496,0.7558,2024-11-17 01:45:00,0.7296,INITIAL_STOP,-1.13,0.0,False,False,crypto
ADA/USDT,2024-11-20 12:10:00,2024-11-20 13:25:00,LONG,2024-11-20 13:38:00,0.8301,0.8087,0.8516,0.8649,2024-11-20 17:55:00,0.8087,INITIAL_STOP,-1.068,0.0,True,False,crypto
ADA/USDT,2024-11-24 05:30:00,2024-11-24 05:50:00,LONG,2024-11-24 06:29:00,1.0545,1.0438,1.0651,1.0717,2024-11-24 07:46:00,1.0717,GRID_B_FULL_TP,1.134,1.309,False,False,crypto
ADA/USDT,2024-11-26 02:50:00,2024-11-26 03:25:00,SHORT,2024-11-26 03:33:00,0.9695,0.983,0.9561,0.9479,2024-11-26 05:35:00,0.983,INITIAL_STOP,-1.127,0.0,False,False,crypto
ADA/USDT,2024-11-26 14:35:00,2024-11-26 15:20:00,SHORT,2024-11-26 15:27:00,0.915,0.9375,0.8925,0.8786,2024-11-26 16:27:00,0.9375,INITIAL_STOP,-1.072,0.0,True,False,crypto
ADA/USDT,2024-12-01 08:40:00,2024-12-01 09:25:00,SHORT,2024-12-01 09:41:00,1.072,1.0794,1.0647,1.0601,2024-12-01 10:45:00,1.0702,BE_STOP,0.244,0.5,False,False,crypto
ADA/USDT,2024-12-03 07:30:00,2024-12-03 08:50:00,LONG,2024-12-03 09:22:00,1.2743,1.2505,1.2981,1.3128,2024-12-03 10:50:00,1.2505,INITIAL_STOP,-1.094,0.0,False,False,crypto
ADA/USDT,2024-12-03 10:50:00,2024-12-03 11:25:00,LONG,2024-12-03 13:15:00,1.2496,1.2281,1.2712,1.2845,2024-12-03 13:34:00,1.2281,INITIAL_STOP,-1.102,0.0,False,False,crypto
ADA/USDT,2024-12-10 00:30:00,2024-12-10 01:15:00,SHORT,2024-12-10 01:54:00,1.0221,1.0378,1.0065,0.9968,2024-12-10 02:27:00,0.9968,GRID_B_FULL_TP,1.194,1.309,False,False,crypto
ADA/USDT,2024-12-13 01:20:00,2024-12-13 02:05:00,LONG,2024-12-13 04:05:00,1.1047,1.09,1.1194,1.1284,2024-12-13 06:42:00,1.09,INITIAL_STOP,-1.133,0.0,False,False,crypto
ADA/USDT,2024-12-13 07:05:00,2024-12-13 07:35:00,LONG,2024-12-13 08:08:00,1.0851,1.0758,1.0943,1.1001,2024-12-13 09:38:00,1.087,BE_STOP,0.294,0.5,True,False,crypto
ADA/USDT,2024-12-18 17:45:00,2024-12-18 18:00:00,SHORT,2024-12-18 18:05:00,1.0379,1.0438,1.0321,1.0286,2024-12-18 18:16:00,1.0438,INITIAL_STOP,-1.315,0.0,False,False,crypto
ADA/USDT,2024-12-20 02:35:00,2024-12-20 03:05:00,SHORT,2024-12-20 03:16:00,0.9139,0.92,0.9078,0.9041,2024-12-20 03:36:00,0.9041,GRID_B_FULL_TP,1.044,1.309,False,False,crypto
ADA/USDT,2024-12-20 15:15:00,2024-12-20 15:55:00,SHORT,2024-12-20 16:06:00,0.883,0.8927,0.8733,0.8673,2024-12-20 16:41:00,0.8927,INITIAL_STOP,-1.16,0.0,True,False,crypto
ADA/USDT,2024-12-27 04:10:00,2024-12-27 04:50:00,SHORT,2024-12-27 06:00:00,0.8721,0.8779,0.8664,0.8628,2024-12-27 06:41:00,0.8779,INITIAL_STOP,-1.267,0.0,False,False,crypto
ADA/USDT,2025-01-04 01:00:00,2025-01-04 01:25:00,LONG,2025-01-04 01:30:00,1.0834,1.075,1.0918,1.097,2025-01-04 01:45:00,1.097,GRID_B_FULL_TP,1.083,1.309,False,False,crypto
ADA/USDT,2025-01-13 15:15:00,2025-01-13 15:30:00,SHORT,2025-01-13 15:39:00,0.9337,0.943,0.9244,0.9187,2025-01-13 16:22:00,0.9187,GRID_B_FULL_TP,1.132,1.309,True,False,crypto
ADA/USDT,2025-01-13 22:10:00,2025-01-13 22:35:00,SHORT,2025-01-13 22:55:00,0.949,0.9563,0.9417,0.9372,2025-01-14 01:01:00,0.9473,BE_STOP,0.272,0.5,False,False,crypto
ADA/USDT,2025-01-17 13:35:00,2025-01-17 14:10:00,LONG,2025-01-17 14:31:00,1.1123,1.0955,1.1291,1.1394,2025-01-17 15:26:00,1.1143,BE_STOP,0.383,0.5,False,False,crypto
ADA/USDT,2025-02-03 22:05:00,2025-02-03 23:15:00,SHORT,2025-02-04 00:04:00,0.8172,0.8257,0.8086,0.8033,2025-02-04 00:55:00,0.8033,GRID_B_FULL_TP,1.141,1.309,True,False,crypto
ADA/USDT,2025-02-07 01:50:00,2025-02-07 02:15:00,SHORT,2025-02-07 02:21:00,0.7276,0.7341,0.7211,0.7171,2025-02-07 04:08:00,0.7263,BE_STOP,0.303,0.5,False,False,crypto
ADA/USDT,2025-02-28 15:20:00,2025-02-28 15:35:00,SHORT,2025-02-28 15:45:00,0.6315,0.6381,0.6249,0.6207,2025-02-28 16:37:00,0.6304,BE_STOP,0.333,0.5,False,False,crypto
ADA/USDT,2025-03-03 14:55:00,2025-03-03 15:25:00,LONG,2025-03-03 15:33:00,0.9623,0.9251,0.9995,1.0226,2025-03-03 18:22:00,0.9251,INITIAL_STOP,-1.045,0.0,True,False,crypto
ADA/USDT,2025-03-11 05:15:00,2025-03-11 06:35:00,SHORT,2025-03-11 07:21:00,0.7246,0.7346,0.7145,0.7083,2025-03-11 09:16:00,0.7346,INITIAL_STOP,-1.127,0.0,False,False,crypto
ADA/USDT,2025-03-11 09:15:00,2025-03-11 10:00:00,SHORT,2025-03-11 10:07:00,0.7307,0.7398,0.7215,0.7159,2025-03-11 12:47:00,0.7159,GRID_B_FULL_TP,1.168,1.309,True,False,crypto
ADA/USDT,2025-03-19 18:05:00,2025-03-19 18:15:00,LONG,2025-03-19 18:20:00,0.7274,0.7177,0.7371,0.7431,2025-03-19 19:27:00,0.7287,BE_STOP,0.368,0.5,True,False,crypto
ADA/USDT,2025-03-31 17:25:00,2025-03-31 17:35:00,SHORT,2025-03-31 18:05:00,0.6582,0.665,0.6514,0.6472,2025-03-31 18:41:00,0.665,INITIAL_STOP,-1.171,0.0,True,False,crypto
ADA/USDT,2025-04-07 22:20:00,2025-04-07 23:20:00,SHORT,2025-04-08 00:07:00,0.5888,0.5959,0.5818,0.5775,2025-04-08 01:22:00,0.5878,BE_STOP,0.353,0.5,True,False,crypto
ADA/USDT,2025-04-14 00:20:00,2025-04-14 00:50:00,SHORT,2025-04-14 02:28:00,0.6458,0.6522,0.6393,0.6354,2025-04-14 02:32:00,0.6522,INITIAL_STOP,-1.177,0.0,False,False,crypto
ADA/USDT,2025-04-20 20:15:00,2025-04-20 20:55:00,SHORT,2025-04-20 21:00:00,0.6215,0.6269,0.6161,0.6127,2025-04-20 23:04:00,0.6204,BE_STOP,0.299,0.5,True,False,crypto
ADA/USDT,2025-05-24 04:20:00,2025-05-24 05:15:00,SHORT,2025-05-24 06:06:00,0.7625,0.7679,0.757,0.7536,2025-05-24 07:04:00,0.7611,BE_STOP,0.256,0.5,False,False,crypto
ADA/USDT,2025-06-11 19:05:00,2025-06-11 20:15:00,LONG,2025-06-11 21:32:00,0.703,0.698,0.708,0.711,2025-06-11 21:38:00,0.698,INITIAL_STOP,-1.25,0.0,True,False,crypto
ADA/USDT,2025-06-18 21:30:00,2025-06-18 22:15:00,SHORT,2025-06-18 22:24:00,0.6058,0.6108,0.6008,0.5977,2025-06-19 00:43:00,0.6108,INITIAL_STOP,-1.213,0.0,True,False,crypto
ADA/USDT,2025-07-11 16:05:00,2025-07-11 17:05:00,LONG,2025-07-11 17:14:00,0.7314,0.7219,0.7409,0.7468,2025-07-11 20:31:00,0.7327,BE_STOP,0.364,0.5,True,False,crypto
ADA/USDT,2025-07-11 21:40:00,2025-07-11 22:55:00,LONG,2025-07-12 00:32:00,0.7046,0.6922,0.7169,0.7245,2025-07-12 01:17:00,0.7245,GRID_B_FULL_TP,1.208,1.309,True,False,crypto
ADA/USDT,2025-07-11 22:20:00,2025-07-11 22:55:00,LONG,2025-07-12 00:32:00,0.7046,0.6922,0.7169,0.7245,2025-07-12 01:17:00,0.7245,GRID_B_FULL_TP,1.208,1.309,True,False,crypto
ADA/USDT,2025-07-14 05:50:00,2025-07-14 07:05:00,LONG,2025-07-14 08:13:00,0.7528,0.7441,0.7615,0.7669,2025-07-14 10:02:00,0.7541,BE_STOP,0.348,0.5,False,False,crypto
ADA/USDT,2025-07-15 10:15:00,2025-07-15 11:15:00,SHORT,2025-07-15 12:31:00,0.7324,0.7383,0.7265,0.7229,2025-07-15 12:43:00,0.7229,GRID_B_FULL_TP,1.09,1.309,False,False,crypto
ADA/USDT,2025-07-21 16:05:00,2025-07-21 16:30:00,LONG,2025-07-21 16:40:00,0.8957,0.8865,0.9049,0.9107,2025-07-21 17:29:00,0.8973,BE_STOP,0.329,0.5,True,False,crypto
ADA/USDT,2025-07-23 07:45:00,2025-07-23 08:10:00,LONG,2025-07-23 08:27:00,0.869,0.8646,0.8733,0.876,2025-07-23 09:09:00,0.8705,BE_STOP,0.149,0.5,True,False,crypto
ADA/USDT,2025-07-29 07:45:00,2025-07-29 08:10:00,SHORT,2025-07-29 08:15:00,0.8069,0.8111,0.8026,0.8,2025-07-29 09:16:00,0.8,GRID_B_FULL_TP,0.976,1.309,True,False,crypto
ADA/USDT,2025-08-03 11:10:00,2025-08-03 11:30:00,SHORT,2025-08-03 12:46:00,0.7261,0.7304,0.7218,0.7192,2025-08-03 14:15:00,0.7192,GRID_B_FULL_TP,1.011,1.309,True,False,crypto
ADA/USDT,2025-08-12 02:25:00,2025-08-12 02:55:00,SHORT,2025-08-12 04:13:00,0.7858,0.7895,0.7821,0.7798,2025-08-12 05:16:00,0.7798,GRID_B_FULL_TP,0.933,1.309,False,False,crypto
ADA/USDT,2025-08-14 08:35:00,2025-08-14 08:50:00,LONG,2025-08-14 08:56:00,0.9853,0.9786,0.992,0.9961,2025-08-14 09:02:00,0.9786,INITIAL_STOP,-1.26,0.0,False,False,crypto
ADA/USDT,2025-08-14 12:30:00,2025-08-14 13:50:00,LONG,2025-08-14 14:51:00,0.9267,0.8839,0.9695,0.9959,2025-08-14 21:31:00,0.8839,INITIAL_STOP,-1.038,0.0,True,False,crypto
ADA/USDT,2025-08-14 21:25:00,2025-08-14 21:50:00,LONG,2025-08-14 22:01:00,0.8884,0.8768,0.9,0.9072,2025-08-14 22:40:00,0.9072,GRID_B_FULL_TP,1.175,1.309,True,False,crypto
ADA/USDT,2025-08-18 22:15:00,2025-08-18 22:55:00,SHORT,2025-08-18 23:04:00,0.9295,0.9345,0.9245,0.9214,2025-08-18 23:43:00,0.9214,GRID_B_FULL_TP,0.981,1.309,False,False,crypto
ADA/USDT,2025-08-26 12:35:00,2025-08-26 12:55:00,SHORT,2025-08-26 13:31:00,0.8518,0.8588,0.8447,0.8404,2025-08-26 13:49:00,0.8404,GRID_B_FULL_TP,1.096,1.309,True,False,crypto
ADA/USDT,2025-09-13 13:50:00,2025-09-13 14:20:00,LONG,2025-09-13 14:38:00,0.9403,0.9262,0.9543,0.963,2025-09-13 16:47:00,0.9262,INITIAL_STOP,-1.118,0.0,True,False,crypto
ADA/USDT,2025-09-29 13:00:00,2025-09-29 13:15:00,LONG,2025-09-29 13:24:00,0.7914,0.7868,0.796,0.7988,2025-09-29 13:43:00,0.7988,GRID_B_FULL_TP,1.005,1.309,True,False,crypto
ADA/USDT,2025-10-05 02:30:00,2025-10-05 03:15:00,SHORT,2025-10-05 03:32:00,0.8594,0.8647,0.854,0.8507,2025-10-05 04:04:00,0.8578,BE_STOP,0.217,0.5,False,False,crypto
ADA/USDT,2025-10-05 02:55:00,2025-10-05 03:15:00,SHORT,2025-10-05 03:32:00,0.8594,0.8647,0.854,0.8507,2025-10-05 04:04:00,0.8578,BE_STOP,0.217,0.5,False,False,crypto
ADA/USDT,2025-10-08 17:10:00,2025-10-08 17:40:00,SHORT,2025-10-08 17:48:00,0.8427,0.8528,0.8327,0.8265,2025-10-09 01:39:00,0.8265,GRID_B_FULL_TP,1.161,1.309,True,False,crypto
ADA/USDT,2025-10-08 17:15:00,2025-10-08 17:40:00,SHORT,2025-10-08 17:48:00,0.8427,0.8528,0.8327,0.8265,2025-10-09 01:39:00,0.8265,GRID_B_FULL_TP,1.161,1.309,True,False,crypto
ADA/USDT,2025-10-13 11:25:00,2025-10-13 12:10:00,LONG,2025-10-13 12:20:00,0.7074,0.6906,0.7241,0.7344,2025-10-13 14:22:00,0.7086,BE_STOP,0.426,0.5,True,False,crypto
ADA/USDT,2025-10-17 13:55:00,2025-10-17 14:05:00,SHORT,2025-10-17 15:46:00,0.6212,0.6265,0.6159,0.6126,2025-10-17 16:00:00,0.6265,INITIAL_STOP,-1.205,0.0,True,False,crypto
ADA/USDT,2025-12-22 00:10:00,2025-12-22 00:55:00,SHORT,2025-12-22 01:17:00,0.3694,0.376,0.3628,0.3588,2025-12-22 07:08:00,0.3687,BE_STOP,0.401,0.5,False,False,crypto
ADA/USDT,2026-08-22 05:10:00,2026-08-22 05:50:00,LONG,2026-08-22 06:05:00,0.2313,0.2062,0.2564,0.272,2026-08-24 06:05:00,0.2188,TIMEOUT,-0.513,0.0,False,False,crypto
XRP/USDT,2024-11-22 07:55:00,2024-11-22 08:50:00,LONG,2024-11-22 09:08:00,1.3878,1.3587,1.4169,1.4349,2024-11-22 11:25:00,1.4349,GRID_B_FULL_TP,1.225,1.309,False,False,crypto
XRP/USDT,2024-11-22 13:25:00,2024-11-22 14:05:00,LONG,2024-11-22 14:11:00,1.4246,1.3479,1.5014,1.5489,2024-11-23 00:18:00,1.5489,GRID_B_FULL_TP,1.276,1.309,False,False,crypto
XRP/USDT,2024-11-30 12:45:00,2024-11-30 13:30:00,LONG,2024-11-30 13:35:00,1.8478,1.8157,1.8798,1.8996,2024-11-30 16:51:00,1.8996,GRID_B_FULL_TP,1.207,1.309,False,False,crypto
XRP/USDT,2024-12-02 21:10:00,2024-12-02 21:45:00,LONG,2024-12-02 22:07:00,2.6921,2.6309,2.7532,2.7911,2024-12-02 23:37:00,2.6968,BE_STOP,0.423,0.5,True,False,crypto
XRP/USDT,2024-12-09 13:20:00,2024-12-09 14:25:00,SHORT,2024-12-09 14:31:00,2.4184,2.4522,2.3847,2.3638,2024-12-09 14:50:00,2.4522,INITIAL_STOP,-1.126,0.0,True,False,crypto
XRP/USDT,2024-12-10 00:35:00,2024-12-10 01:35:00,SHORT,2024-12-10 01:44:00,2.2229,2.2825,2.1634,2.1265,2024-12-10 03:05:00,2.1265,GRID_B_FULL_TP,1.243,1.309,False,False,crypto
XRP/USDT,2024-12-17 15:10:00,2024-12-17 16:10:00,LONG,2024-12-17 16:19:00,2.6084,2.5464,2.6704,2.7087,2024-12-17 22:46:00,2.5464,INITIAL_STOP,-1.074,0.0,True,False,crypto
XRP/USDT,2025-01-08 01:55:00,2025-01-08 03:00:00,SHORT,2025-01-08 03:22:00,2.3366,2.3705,2.3028,2.2819,2025-01-08 06:39:00,2.2819,GRID_B_FULL_TP,1.188,1.309,False,False,crypto
XRP/USDT,2025-01-13 15:05:00,2025-01-13 15:50:00,SHORT,2025-01-13 16:05:00,2.4756,2.501,2.4501,2.4344,2025-01-13 17:33:00,2.4712,BE_STOP,0.329,0.5,True,False,crypto
XRP/USDT,2025-01-15 11:15:00,2025-01-15 11:50:00,LONG,2025-01-15 12:02:00,2.7496,2.7066,2.7927,2.8193,2025-01-15 13:30:00,2.8193,GRID_B_FULL_TP,1.197,1.309,False,False,crypto
XRP/USDT,2025-01-16 03:30:00,2025-01-16 03:45:00,LONG,2025-01-16 03:50:00,3.0304,2.98,3.0807,3.1119,2025-01-16 06:39:00,3.1119,GRID_B_FULL_TP,1.203,1.309,False,False,crypto
XRP/USDT,2025-01-16 22:30:00,2025-01-16 22:50:00,LONG,2025-01-16 22:58:00,3.2267,3.1956,3.2577,3.277,2025-01-16 23:21:00,3.1956,INITIAL_STOP,-1.183,0.0,True,False,crypto
XRP/USDT,2025-02-16 21:35:00,2025-02-16 22:25:00,SHORT,2025-02-16 22:54:00,2.7574,2.7724,2.7424,2.7331,2025-02-16 23:01:00,2.7525,BE_STOP,0.177,0.5,True,False,crypto
XRP/USDT,2025-02-21 23:40:00,2025-02-22 00:05:00,SHORT,2025-02-22 00:21:00,2.5667,2.5802,2.5533,2.5451,2025-02-22 00:34:00,2.5802,INITIAL_STOP,-1.337,0.0,True,False,crypto
XRP/USDT,2025-03-07 09:00:00,2025-03-07 09:40:00,SHORT,2025-03-07 11:11:00,2.552,2.5737,2.5304,2.517,2025-03-07 12:34:00,2.517,GRID_B_FULL_TP,1.102,1.309,False,False,crypto
XRP/USDT,2025-03-16 00:00:00,2025-03-16 00:35:00,LONG,2025-03-16 01:34:00,2.3917,2.3743,2.4091,2.4198,2025-03-16 02:05:00,2.3743,INITIAL_STOP,-1.242,0.0,False,False,crypto
XRP/USDT,2025-03-21 18:15:00,2025-03-21 18:55:00,SHORT,2025-03-21 19:24:00,2.4086,2.4278,2.3895,2.3776,2025-03-21 23:50:00,2.3776,GRID_B_FULL_TP,1.088,1.309,True,False,crypto
XRP/USDT,2025-03-24 23:20:00,2025-03-24 23:35:00,LONG,2025-03-25 01:28:00,2.436,2.4236,2.4483,2.4559,2025-03-25 02:53:00,2.4236,INITIAL_STOP,-1.348,0.0,False,False,crypto
XRP/USDT,2025-04-23 15:25:00,2025-04-23 15:40:00,LONG,2025-04-23 15:47:00,2.2109,2.1869,2.235,2.2499,2025-04-23 18:20:00,2.2499,GRID_B_FULL_TP,1.147,1.309,True,False,crypto
XRP/USDT,2025-05-06 18:55:00,2025-05-06 19:10:00,SHORT,2025-05-06 19:17:00,2.1382,2.1498,2.1266,2.1194,2025-05-06 21:23:00,2.1194,GRID_B_FULL_TP,0.985,1.309,True,False,crypto
XRP/USDT,2025-05-11 15:55:00,2025-05-11 16:25:00,LONG,2025-05-11 16:46:00,2.3456,2.3248,2.3664,2.3793,2025-05-11 18:47:00,2.3793,GRID_B_FULL_TP,1.111,1.309,True,False,crypto
XRP/USDT,2025-05-12 14:25:00,2025-05-12 14:40:00,LONG,2025-05-12 14:46:00,2.574,2.5209,2.6272,2.66,2025-05-12 18:28:00,2.5209,INITIAL_STOP,-1.085,0.0,True,False,crypto
XRP/USDT,2025-05-13 02:10:00,2025-05-13 02:55:00,LONG,2025-05-13 03:02:00,2.4463,2.423,2.4697,2.4841,2025-05-13 04:00:00,2.423,INITIAL_STOP,-1.185,0.0,False,False,crypto
XRP/USDT,2025-05-16 06:15:00,2025-05-16 06:40:00,SHORT,2025-05-16 06:46:00,2.4202,2.433,2.4073,2.3993,2025-05-16 07:20:00,2.4159,BE_STOP,0.169,0.5,True,False,crypto
XRP/USDT,2025-06-30 23:00:00,2025-07-01 00:10:00,LONG,2025-07-01 00:25:00,2.2426,2.2294,2.2558,2.2639,2025-07-01 01:53:00,2.2294,INITIAL_STOP,-1.3,0.0,True,False,crypto
XRP/USDT,2025-07-22 13:15:00,2025-07-22 13:50:00,SHORT,2025-07-22 14:55:00,3.5163,3.5424,3.4902,3.4741,2025-07-22 17:36:00,3.5424,INITIAL_STOP,-1.237,0.0,False,False,crypto
XRP/USDT,2025-07-24 11:15:00,2025-07-24 12:35:00,SHORT,2025-07-24 12:45:00,3.1589,3.1849,3.1329,3.1168,2025-07-24 13:35:00,3.1849,INITIAL_STOP,-1.214,0.0,False,False,crypto
XRP/USDT,2025-07-29 07:40:00,2025-07-29 08:30:00,SHORT,2025-07-29 08:36:00,3.1778,3.1896,3.166,3.1588,2025-07-29 09:15:00,3.1588,GRID_B_FULL_TP,0.834,1.309,True,False,crypto
XRP/USDT,2025-07-31 03:45:00,2025-07-31 04:20:00,SHORT,2025-07-31 04:31:00,3.1352,3.1513,3.119,3.109,2025-07-31 07:21:00,3.1513,INITIAL_STOP,-1.342,0.0,False,False,crypto
XRP/USDT,2025-08-01 12:30:00,2025-08-01 13:45:00,SHORT,2025-08-01 14:08:00,2.9803,3.0225,2.9381,2.9121,2025-08-01 14:23:00,3.0225,INITIAL_STOP,-1.124,0.0,False,False,crypto
XRP/USDT,2025-08-03 08:00:00,2025-08-03 08:25:00,SHORT,2025-08-03 10:11:00,2.8721,2.8818,2.8625,2.8565,2025-08-03 11:09:00,2.8818,INITIAL_STOP,-1.523,0.0,True,False,crypto
XRP/USDT,2025-08-03 16:55:00,2025-08-03 17:20:00,SHORT,2025-08-03 19:00:00,2.9193,2.9344,2.9042,2.8949,2025-08-03 20:40:00,2.9142,BE_STOP,0.159,0.5,True,False,crypto
XRP/USDT,2025-08-08 15:00:00,2025-08-08 16:05:00,LONG,2025-08-08 16:13:00,3.2287,3.2003,3.2572,3.2749,2025-08-08 17:34:00,3.2749,GRID_B_FULL_TP,1.11,1.309,True,False,crypto
XRP/USDT,2025-08-08 15:05:00,2025-08-08 16:05:00,LONG,2025-08-08 16:13:00,3.2287,3.2003,3.2572,3.2749,2025-08-08 17:34:00,3.2749,GRID_B_FULL_TP,1.11,1.309,True,False,crypto
XRP/USDT,2025-09-09 02:20:00,2025-09-09 03:30:00,LONG,2025-09-09 03:37:00,2.9377,2.9293,2.946,2.9512,2025-09-09 03:59:00,2.9512,GRID_B_FULL_TP,0.69,1.309,False,False,crypto
XRP/USDT,2025-10-03 02:00:00,2025-10-03 02:15:00,LONG,2025-10-03 02:23:00,3.0153,2.9996,3.0311,3.0409,2025-10-03 03:55:00,3.0207,BE_STOP,0.164,0.5,False,False,crypto
XRP/USDT,2025-10-17 01:00:00,2025-10-17 01:20:00,SHORT,2025-10-17 01:31:00,2.3697,2.4036,2.3358,2.3149,2025-10-17 06:31:00,2.3149,GRID_B_FULL_TP,1.186,1.309,False,False,crypto
XRP/USDT,2025-10-17 01:05:00,2025-10-17 01:20:00,SHORT,2025-10-17 01:31:00,2.3697,2.4036,2.3358,2.3149,2025-10-17 06:31:00,2.3149,GRID_B_FULL_TP,1.186,1.309,False,False,crypto
XRP/USDT,2025-10-17 16:00:00,2025-10-17 16:30:00,SHORT,2025-10-17 18:22:00,2.3065,2.3312,2.2818,2.2666,2025-10-17 21:46:00,2.3312,INITIAL_STOP,-1.165,0.0,True,False,crypto
XRP/USDT,2025-10-20 16:45:00,2025-10-20 16:55:00,LONG,2025-10-20 17:38:00,2.4386,2.4232,2.454,2.4634,2025-10-20 18:07:00,2.4634,GRID_B_FULL_TP,1.03,1.309,False,False,crypto
XRP/USDT,2025-10-27 21:00:00,2025-10-27 21:35:00,LONG,2025-10-27 22:45:00,2.6315,2.6197,2.6434,2.6508,2025-10-27 23:50:00,2.6362,BE_STOP,0.111,0.5,False,False,crypto
XRP/USDT,2025-11-06 01:20:00,2025-11-06 01:35:00,LONG,2025-11-06 02:14:00,2.3229,2.3058,2.34,2.3505,2025-11-06 02:40:00,2.3505,GRID_B_FULL_TP,1.07,1.309,False,False,crypto
XRP/USDT,2025-11-08 06:05:00,2025-11-08 06:40:00,LONG,2025-11-08 07:21:00,2.3135,2.291,2.3359,2.3497,2025-11-08 11:55:00,2.291,INITIAL_STOP,-1.182,0.0,True,False,crypto
XRP/USDT,2025-11-13 02:30:00,2025-11-13 03:10:00,SHORT,2025-11-13 03:24:00,2.4156,2.4296,2.4015,2.3928,2025-11-13 03:25:00,2.4296,INITIAL_STOP,-1.302,0.0,False,False,crypto
XRP/USDT,2026-01-26 01:00:00,2026-01-26 02:05:00,SHORT,2026-01-26 02:22:00,1.8806,1.8915,1.8697,1.8629,2026-01-26 04:18:00,1.8773,BE_STOP,0.197,0.5,False,False,crypto
XRP/USDT,2026-01-26 01:55:00,2026-01-26 02:05:00,SHORT,2026-01-26 02:22:00,1.8806,1.8915,1.8697,1.8629,2026-01-26 04:18:00,1.8773,BE_STOP,0.197,0.5,False,False,crypto
XRP/USDT,2026-02-05 22:50:00,2026-02-05 23:25:00,SHORT,2026-02-05 23:30:00,1.2492,1.2689,1.2295,1.2174,2026-02-05 23:52:00,1.2174,GRID_B_FULL_TP,1.197,1.309,True,False,crypto
XRP/USDT,2026-02-15 13:50:00,2026-02-15 14:45:00,LONG,2026-02-15 15:24:00,1.5295,1.5092,1.5499,1.5625,2026-02-15 16:07:00,1.5092,INITIAL_STOP,-1.132,0.0,False,False,crypto
XRP/USDT,2026-02-17 16:35:00,2026-02-17 17:10:00,SHORT,2026-02-17 17:25:00,1.4725,1.4972,1.4477,1.4324,2026-02-18 19:25:00,1.4324,GRID_B_FULL_TP,1.204,1.309,True,False,crypto
XRP/USDT,2026-02-23 07:35:00,2026-02-23 07:50:00,SHORT,2026-02-23 09:29:00,1.3746,1.3802,1.3689,1.3655,2026-02-23 09:31:00,1.3802,INITIAL_STOP,-1.431,0.0,False,False,crypto
XRP/USDT,2026-05-08 18:25:00,2026-05-08 19:00:00,SHORT,2026-05-08 19:07:00,1.4205,1.4265,1.4146,1.4109,2026-05-08 19:16:00,1.4265,INITIAL_STOP,-1.418,0.0,True,False,crypto
XRP/USDT,2026-07-29 10:10:00,2026-07-29 10:30:00,SHORT,2026-07-29 10:42:00,1.0882,1.0915,1.0849,1.0828,2026-07-29 12:03:00,1.0828,GRID_B_FULL_TP,0.734,1.309,False,False,crypto
XRP/USDT,2026-08-22 14:45:00,2026-08-22 16:05:00,LONG,2026-08-22 16:10:00,1.443,1.4275,1.4585,1.468,2026-08-22 16:23:00,1.468,GRID_B_FULL_TP,1.145,1.309,False,False,crypto
SBER,2024-06-28 12:00:00,2024-06-28 12:40:00,LONG,2024-06-28 13:58:00,326.895,325.8897,329.4084,329.527,2024-06-28 16:08:00,325.8897,INITIAL_STOP,-1.358,0.0,False,False,moex
SBER,2024-08-06 14:45:00,2024-08-06 15:45:00,SHORT,2024-08-06 16:57:00,279.07,280.4186,275.6985,275.5394,2024-08-07 07:00:00,280.4186,INITIAL_STOP,-1.228,0.0,True,False,moex
SBER,2024-09-13 10:05:00,2024-09-13 10:25:00,SHORT,2024-09-13 10:30:00,255.55,260.3033,243.6667,243.1058,2024-09-16 04:48:00,260.3033,INITIAL_STOP,-1.059,0.0,True,False,moex
SBER,2024-10-18 06:25:00,2024-10-18 06:55:00,SHORT,2024-10-18 07:00:00,256.605,258.3649,252.2052,251.9976,2024-10-18 08:10:00,258.3649,INITIAL_STOP,-1.16,0.0,True,False,moex
SBER,2024-10-23 13:05:00,2024-10-23 13:20:00,SHORT,2024-10-23 13:41:00,255.215,255.9528,253.3704,253.2834,2024-10-23 15:37:00,253.2834,GRID_B_FULL_TP,2.179,2.559,True,False,moex
SBER,2024-10-25 10:55:00,2024-10-25 11:10:00,SHORT,2024-10-25 11:16:00,252.92,255.7294,245.8966,245.565,2024-10-26 04:00:00,245.565,GRID_B_FULL_TP,2.46,2.559,True,False,moex
SBER,2024-11-15 08:55:00,2024-11-15 09:20:00,SHORT,2024-11-15 09:25:00,250.65,251.876,247.5851,247.4404,2024-11-15 12:50:00,251.876,INITIAL_STOP,-1.225,0.0,True,False,moex
SBER,2024-11-15 12:50:00,2024-11-15 13:50:00,SHORT,2024-11-15 14:02:00,252.29,253.3784,249.5689,249.4405,2024-11-15 14:23:00,253.3784,INITIAL_STOP,-1.255,0.0,True,False,moex
SBER,2024-11-20 07:00:00,2024-11-20 07:35:00,SHORT,2024-11-20 09:15:00,241.73,243.0326,238.4735,238.3198,2024-11-20 10:14:00,243.0326,INITIAL_STOP,-1.204,0.0,True,False,moex
SBER,2024-11-22 08:40:00,2024-11-22 09:20:00,LONG,2024-11-22 09:33:00,237.96,236.9531,240.4774,240.5962,2024-11-22 11:54:00,236.9531,INITIAL_STOP,-1.26,0.0,True,False,moex
SBER,2024-11-26 08:35:00,2024-11-26 08:55:00,SHORT,2024-11-26 09:04:00,230.805,232.2462,227.202,227.0319,2024-11-26 11:27:00,227.0319,GRID_B_FULL_TP,2.383,2.559,True,False,moex
SBER,2024-11-27 09:30:00,2024-11-27 10:15:00,SHORT,2024-11-27 10:38:00,223.92,226.2659,218.0553,217.7785,2024-11-27 20:46:00,226.2659,INITIAL_STOP,-1.105,0.0,True,False,moex
SBER,2024-11-27 09:10:00,2024-11-27 10:15:00,SHORT,2024-11-27 10:38:00,223.92,226.2659,218.0553,217.7785,2024-11-27 20:46:00,226.2659,INITIAL_STOP,-1.105,0.0,True,False,moex
SBER,2024-12-09 13:20:00,2024-12-09 14:15:00,SHORT,2024-12-09 14:22:00,239.745,240.8696,236.9335,236.8008,2024-12-10 04:00:00,236.8008,GRID_B_FULL_TP,2.325,2.559,True,False,moex
SBER,2025-01-03 14:35:00,2025-01-03 15:00:00,SHORT,2025-01-03 15:07:00,273.67,274.7405,270.9937,270.8674,2025-01-05 09:13:00,270.8674,GRID_B_FULL_TP,2.278,2.559,True,False,moex
SBER,2025-02-12 12:55:00,2025-02-12 13:20:00,LONG,2025-02-12 13:34:00,297.19,295.8642,300.5045,300.6609,2025-02-12 14:33:00,295.8642,INITIAL_STOP,-1.247,0.0,True,False,moex
SBER,2025-02-17 08:35:00,2025-02-17 09:10:00,LONG,2025-02-17 09:16:00,313.61,311.8396,318.036,318.2449,2025-02-17 14:14:00,318.2449,GRID_B_FULL_TP,2.364,2.559,True,False,moex
SBER,2025-02-28 16:50:00,2025-02-28 18:00:00,SHORT,2025-02-28 18:13:00,309.685,310.8645,306.7362,306.597,2025-02-28 18:24:00,306.597,GRID_B_FULL_TP,2.27,2.559,True,False,moex
SBER,2025-02-28 17:35:00,2025-02-28 18:00:00,SHORT,2025-02-28 18:13:00,309.685,310.8645,306.7362,306.597,2025-02-28 18:24:00,306.597,GRID_B_FULL_TP,2.27,2.559,True,False,moex
SBER,2025-03-25 19:10:00,2025-03-25 19:45:00,SHORT,2025-03-26 04:05:00,320.715,321.3611,319.0998,319.0236,2025-03-26 07:32:00,319.0236,GRID_B_FULL_TP,2.013,2.559,False,False,moex
SBER,2025-04-01 19:35:00,2025-04-01 19:55:00,LONG,2025-04-01 20:08:00,303.06,302.2554,305.0715,305.1664,2025-04-02 04:06:00,302.2554,INITIAL_STOP,-1.414,0.0,True,False,moex
SBER,2025-04-07 07:15:00,2025-04-07 08:15:00,SHORT,2025-04-07 08:23:00,285.39,288.1281,278.5448,278.2217,2025-04-07 14:12:00,288.1281,INITIAL_STOP,-1.115,0.0,False,False,moex
SBER,2025-04-21 13:55:00,2025-04-21 14:45:00,LONG,2025-04-21 15:05:00,307.24,305.6291,311.2672,311.4572,2025-04-22 16:15:00,311.4572,GRID_B_FULL_TP,2.349,2.559,True,False,moex
SBER,2025-04-23 16:40:00,2025-04-23 17:20:00,SHORT,2025-04-23 17:27:00,311.98,313.358,308.5351,308.3725,2025-04-25 07:14:00,313.358,INITIAL_STOP,-1.249,0.0,True,False,moex
SBER,2025-05-05 04:25:00,2025-05-05 05:00:00,LONG,2025-05-05 06:05:00,300.585,299.8491,302.4247,302.5115,2025-05-05 07:04:00,299.8491,INITIAL_STOP,-1.449,0.0,False,False,moex
SBER,2025-05-12 14:10:00,2025-05-12 14:25:00,LONG,2025-05-12 14:30:00,308.925,307.8466,311.621,311.7482,2025-05-13 04:39:00,311.7482,GRID_B_FULL_TP,2.244,2.559,True,False,moex
SBER,2025-06-04 19:50:00,2025-06-04 20:00:00,LONG,2025-06-04 20:42:00,312.95,312.0906,315.0986,315.2,2025-06-05 04:20:00,315.2,GRID_B_FULL_TP,2.158,2.559,True,False,moex
SBER,2025-06-07 23:00:00,2025-06-07 23:10:00,SHORT,2025-06-07 23:17:00,314.305,316.4215,309.0139,308.7641,2025-06-10 10:07:00,308.7641,GRID_B_FULL_TP,2.396,2.559,True,False,moex
SBER,2025-06-14 23:00:00,2025-06-14 23:55:00,SHORT,2025-06-15 00:33:00,310.255,312.4854,304.679,304.4159,2025-06-16 07:05:00,312.4854,INITIAL_STOP,-1.153,0.0,True,False,moex
SBER,2025-07-09 04:15:00,2025-07-09 04:30:00,SHORT,2025-07-09 04:51:00,311.525,312.3473,309.4693,309.3723,2025-07-09 07:32:00,309.3723,GRID_B_FULL_TP,2.142,2.559,False,False,moex
SBER,2025-07-14 10:20:00,2025-07-14 10:40:00,SHORT,2025-07-14 10:46:00,309.645,310.4645,307.5963,307.4996,2025-07-14 12:30:00,310.4645,INITIAL_STOP,-1.416,0.0,True,False,moex
SBER,2025-07-29 17:55:00,2025-07-29 19:05:00,LONG,2025-07-30 04:03:00,304.31,303.0435,307.4762,307.6256,2025-07-31 08:22:00,303.0435,INITIAL_STOP,-1.264,0.0,True,False,moex
SBER,2025-08-06 10:45:00,2025-08-06 11:25:00,LONG,2025-08-06 11:54:00,306.015,305.211,308.0251,308.1199,2025-08-06 13:56:00,305.211,INITIAL_STOP,-1.419,0.0,True,False,moex
SBER,2025-08-11 04:00:00,2025-08-11 04:25:00,LONG,2025-08-11 05:49:00,321.515,317.6177,331.2582,331.7181,2025-08-11 13:04:00,317.6177,INITIAL_STOP,-1.091,0.0,False,False,moex
SBER,2025-08-22 06:15:00,2025-08-22 06:45:00,SHORT,2025-08-22 07:01:00,310.895,312.2663,307.4666,307.3048,2025-08-22 10:29:00,312.2663,INITIAL_STOP,-1.249,0.0,True,False,moex
SBER,2025-08-25 15:00:00,2025-08-25 16:25:00,SHORT,2025-08-25 16:30:00,311.79,312.5677,309.8458,309.754,2025-08-26 06:28:00,312.5677,INITIAL_STOP,-1.441,0.0,False,False,moex
SBER,2025-09-22 05:15:00,2025-09-22 05:30:00,SHORT,2025-09-22 05:53:00,296.195,296.9743,294.2468,294.1548,2025-09-22 07:21:00,294.1548,GRID_B_FULL_TP,2.141,2.559,False,False,moex
SBER,2025-09-22 11:50:00,2025-09-22 12:15:00,SHORT,2025-09-22 12:20:00,295.34,296.743,291.8325,291.6669,2025-09-22 14:45:00,296.743,INITIAL_STOP,-1.232,0.0,True,False,moex
SBER,2025-09-30 06:50:00,2025-09-30 07:05:00,SHORT,2025-09-30 07:55:00,287.335,289.431,282.095,281.8477,2025-09-30 13:58:00,289.431,INITIAL_STOP,-1.151,0.0,True,False,moex
SBER,2025-10-24 04:50:00,2025-10-24 05:40:00,SHORT,2025-10-24 05:49:00,292.475,293.5687,289.7407,289.6117,2025-10-24 07:28:00,289.6117,GRID_B_FULL_TP,2.265,2.559,False,False,moex
SBER,2025-10-24 10:10:00,2025-10-24 10:45:00,SHORT,2025-10-24 12:16:00,289.23,295.3638,273.8954,273.1716,2025-10-26 20:21:00,287.1,TIMEOUT,0.295,0.0,True,False,moex
SBER,2025-10-24 10:30:00,2025-10-24 10:45:00,SHORT,2025-10-24 12:16:00,289.23,295.3638,273.8954,273.1716,2025-10-26 20:21:00,287.1,TIMEOUT,0.295,0.0,True,False,moex
SBER,2025-10-28 20:30:00,2025-10-29 03:55:00,LONG,2025-10-29 04:00:00,289.855,288.2352,293.9045,294.0956,2025-10-29 06:30:00,288.2352,INITIAL_STOP,-1.197,0.0,True,False,moex
SBER,2026-02-27 11:50:00,2026-02-27 12:45:00,SHORT,2026-02-27 13:13:00,315.035,316.2626,311.9661,311.8213,2026-02-28 00:01:00,316.2626,INITIAL_STOP,-1.282,0.0,False,False,moex
SBER,2026-03-09 04:05:00,2026-03-09 04:45:00,LONG,2026-03-09 05:05:00,316.4,311.6854,328.1865,328.7428,2026-03-11 20:11:00,314.91,TIMEOUT,-0.39,0.0,False,False,moex
SBER,2026-06-03 08:25:00,2026-06-03 08:50:00,LONG,2026-06-03 09:00:00,325.22,324.0622,328.1146,328.2512,2026-06-03 14:55:00,324.0622,INITIAL_STOP,-1.309,0.0,True,False,moex
SBER,2026-07-01 08:00:00,2026-07-01 08:45:00,LONG,2026-07-01 09:10:00,307.665,306.5385,310.4812,310.6142,2026-07-01 09:23:00,310.6142,GRID_B_FULL_TP,2.259,2.559,True,False,moex
SBER,2026-07-07 17:10:00,2026-07-07 18:10:00,SHORT,2026-07-07 18:38:00,297.9,298.9468,295.2829,295.1593,2026-07-07 20:00:00,298.9468,INITIAL_STOP,-1.313,0.0,False,False,moex
SBER,2026-08-25 07:40:00,2026-08-25 07:55:00,LONG,2026-08-25 08:10:00,269.12,268.0963,271.6792,271.8,2026-08-25 08:22:00,268.0963,INITIAL_STOP,-1.289,0.0,True,False,moex
SBER,2026-08-25 08:20:00,2026-08-25 08:55:00,LONG,2026-08-25 09:40:00,269.26,267.5961,273.4197,273.6161,2026-08-25 14:47:00,273.6161,GRID_B_FULL_TP,2.381,2.559,True,False,moex
GAZP,2024-07-22 13:30:00,2024-07-22 13:55:00,LONG,2024-07-22 14:19:00,130.8,130.0838,132.5905,132.675,2024-07-23 08:35:00,130.0838,INITIAL_STOP,-1.201,0.0,False,False,moex
GAZP,2024-08-16 13:10:00,2024-08-16 13:50:00,SHORT,2024-08-16 14:30:00,128.1,128.4322,127.2696,127.2304,2024-08-16 15:06:00,127.2304,GRID_B_FULL_TP,2.135,2.559,True,False,moex
GAZP,2024-08-27 07:05:00,2024-08-27 07:20:00,LONG,2024-08-27 08:01:00,126.205,125.3407,128.3658,128.4678,2024-08-27 09:06:00,125.3407,INITIAL_STOP,-1.161,0.0,True,False,moex
GAZP,2024-09-02 07:00:00,2024-09-02 07:50:00,SHORT,2024-09-02 07:55:00,123.005,124.0445,120.4062,120.2836,2024-09-02 10:26:00,124.0445,INITIAL_STOP,-1.13,0.0,True,False,moex
GAZP,2024-09-02 17:20:00,2024-09-02 17:35:00,LONG,2024-09-02 17:42:00,122.155,121.4168,124.0006,124.0877,2024-09-03 04:06:00,124.0877,GRID_B_FULL_TP,2.377,2.559,True,False,moex
GAZP,2024-09-16 07:55:00,2024-09-16 08:05:00,LONG,2024-09-16 08:12:00,120.02,119.57,121.1451,121.1982,2024-09-16 08:28:00,119.57,INITIAL_STOP,-1.293,0.0,True,False,moex
GAZP,2024-09-30 09:15:00,2024-09-30 10:10:00,LONG,2024-09-30 10:21:00,138.5,136.6122,143.2194,143.4421,2024-09-30 12:13:00,143.4421,GRID_B_FULL_TP,2.478,2.559,True,False,moex
GAZP,2024-11-08 10:15:00,2024-11-08 10:40:00,LONG,2024-11-08 10:46:00,134.265,133.4386,136.331,136.4285,2024-11-08 20:02:00,136.4285,GRID_B_FULL_TP,2.38,2.559,True,False,moex
GAZP,2024-11-12 12:55:00,2024-11-12 14:05:00,LONG,2024-11-12 14:16:00,135.11,134.4373,136.7917,136.871,2024-11-13 07:39:00,134.4373,INITIAL_STOP,-1.221,0.0,True,False,moex
GAZP,2024-12-04 04:00:00,2024-12-04 05:00:00,SHORT,2024-12-04 05:20:00,121.3,123.582,115.5951,115.3259,2024-12-04 15:34:00,115.3259,GRID_B_FULL_TP,2.501,2.559,False,False,moex
GAZP,2024-12-04 08:30:00,2024-12-04 09:35:00,SHORT,2024-12-04 09:49:00,122.82,123.6442,120.7594,120.6622,2024-12-04 14:13:00,120.6622,GRID_B_FULL_TP,2.395,2.559,False,False,moex
GAZP,2025-01-20 12:45:00,2025-01-20 13:40:00,SHORT,2025-01-20 13:48:00,139.215,139.9488,137.3804,137.2939,2025-01-20 16:17:00,137.2939,GRID_B_FULL_TP,2.35,2.559,True,False,moex
GAZP,2025-02-18 08:30:00,2025-02-18 09:45:00,LONG,2025-02-18 10:34:00,174.735,172.7379,179.7278,179.9634,2025-02-18 12:31:00,172.7379,INITIAL_STOP,-1.096,0.0,True,False,moex
GAZP,2025-02-19 13:20:00,2025-02-19 13:35:00,SHORT,2025-02-19 13:46:00,172.065,172.8381,170.1323,170.041,2025-02-19 14:44:00,172.8381,INITIAL_STOP,-1.245,0.0,False,False,moex
GAZP,2025-02-28 16:50:00,2025-02-28 18:00:00,SHORT,2025-02-28 18:14:00,171.455,172.2572,169.4495,169.3549,2025-02-28 18:20:00,169.3549,GRID_B_FULL_TP,2.324,2.559,True,False,moex
GAZP,2025-02-28 17:30:00,2025-02-28 18:00:00,SHORT,2025-02-28 18:14:00,171.455,172.2572,169.4495,169.3549,2025-02-28 18:20:00,169.3549,GRID_B_FULL_TP,2.324,2.559,True,False,moex
GAZP,2025-03-11 17:55:00,2025-03-11 18:45:00,SHORT,2025-03-11 19:22:00,170.225,172.7553,163.8992,163.6006,2025-03-13 08:51:00,163.6006,GRID_B_FULL_TP,2.485,2.559,True,False,moex
GAZP,2025-04-19 16:55:00,2025-04-19 17:35:00,LONG,2025-04-19 17:56:00,136.745,136.1549,138.2203,138.2899,2025-04-19 18:44:00,138.2899,GRID_B_FULL_TP,2.304,2.559,True,False,moex
GAZP,2025-04-23 07:05:00,2025-04-23 08:00:00,LONG,2025-04-23 09:33:00,139.53,138.3707,142.4282,142.565,2025-04-23 14:59:00,142.565,GRID_B_FULL_TP,2.427,2.559,True,False,moex
GAZP,2025-04-23 07:20:00,2025-04-23 08:00:00,LONG,2025-04-23 09:33:00,139.53,138.3707,142.4282,142.565,2025-04-23 14:59:00,142.565,GRID_B_FULL_TP,2.427,2.559,True,False,moex
GAZP,2025-05-03 02:35:00,2025-05-03 03:05:00,SHORT,2025-05-03 03:17:00,138.6,139.7079,135.8302,135.6995,2025-05-03 06:01:00,139.7079,INITIAL_STOP,-1.138,0.0,False,False,moex
GAZP,2025-05-12 09:40:00,2025-05-12 10:25:00,LONG,2025-05-12 11:59:00,146.67,145.88,148.645,148.7382,2025-05-12 13:26:00,145.88,INITIAL_STOP,-1.204,0.0,True,False,moex
GAZP,2025-05-21 04:00:00,2025-05-21 05:00:00,SHORT,2025-05-21 05:07:00,137.535,138.0963,136.1317,136.0655,2025-05-21 07:17:00,136.0655,GRID_B_FULL_TP,2.289,2.559,False,False,moex
GAZP,2025-06-02 14:55:00,2025-06-02 16:25:00,SHORT,2025-06-02 16:30:00,131.065,131.8766,129.036,128.9402,2025-06-03 12:58:00,128.9402,GRID_B_FULL_TP,2.381,2.559,True,False,moex
GAZP,2025-09-26 10:10:00,2025-09-26 11:10:00,SHORT,2025-09-26 11:50:00,118.645,119.078,117.5626,117.5115,2025-09-26 14:59:00,119.078,INITIAL_STOP,-1.301,0.0,True,False,moex
GAZP,2025-10-19 13:05:00,2025-10-19 14:20:00,LONG,2025-10-19 14:52:00,125.37,124.9119,126.5151,126.5692,2025-10-19 20:36:00,126.5692,GRID_B_FULL_TP,2.258,2.559,True,False,moex
GAZP,2025-12-01 06:20:00,2025-12-01 06:40:00,LONG,2025-12-01 06:50:00,127.61,127.1486,128.7635,128.818,2025-12-01 09:08:00,128.818,GRID_B_FULL_TP,2.255,2.559,True,False,moex
GAZP,2026-07-03 06:15:00,2026-07-03 07:05:00,SHORT,2026-07-03 07:16:00,97.575,98.3164,95.7216,95.6341,2026-07-03 11:36:00,98.3164,INITIAL_STOP,-1.145,0.0,True,False,moex
GAZP,2026-07-13 04:25:00,2026-07-13 05:30:00,SHORT,2026-07-13 07:29:00,93.28,93.9799,91.5302,91.4476,2026-07-13 07:37:00,93.9799,INITIAL_STOP,-1.147,0.0,False,False,moex
GAZP,2026-07-17 10:40:00,2026-07-17 11:25:00,SHORT,2026-07-17 11:35:00,83.61,84.5054,81.3715,81.2658,2026-07-17 14:49:00,81.2658,GRID_B_FULL_TP,2.456,2.559,False,False,moex
GAZP,2026-08-24 15:00:00,2026-08-24 15:10:00,SHORT,2026-08-24 15:20:00,83.405,84.1151,81.6297,81.5459,2026-08-25 04:17:00,84.1151,INITIAL_STOP,-1.129,0.0,True,False,moex
GAZP,2026-09-02 05:25:00,2026-09-02 05:50:00,SHORT,2026-09-02 06:11:00,87.785,88.2117,86.7183,86.668,2026-09-02 12:26:00,88.2117,INITIAL_STOP,-1.226,0.0,False,False,moex
GAZP,2026-09-11 05:40:00,2026-09-11 06:15:00,LONG,2026-09-11 06:31:00,92.825,92.0308,94.8106,94.9043,2026-09-11 10:33:00,92.0308,INITIAL_STOP,-1.129,0.0,False,False,moex
LKOH,2024-06-21 07:05:00,2024-06-21 07:15:00,LONG,2024-06-21 07:27:00,7146.5,7063.2802,7354.5494,7364.3693,2024-06-21 09:25:00,7063.2802,INITIAL_STOP,-1.094,0.0,False,False,moex
LKOH,2024-07-05 09:30:00,2024-07-05 10:20:00,SHORT,2024-07-05 10:32:00,7210.0,7265.815,7070.4625,7063.8763,2024-07-09 08:48:00,7063.8763,GRID_B_FULL_TP,2.417,2.559,False,False,moex
LKOH,2024-07-08 07:00:00,2024-07-08 07:15:00,SHORT,2024-07-08 07:32:00,7228.25,7265.8424,7134.2691,7129.8332,2024-07-08 10:05:00,7129.8332,GRID_B_FULL_TP,2.347,2.559,False,False,moex
LKOH,2024-07-19 07:35:00,2024-07-19 08:05:00,LONG,2024-07-19 08:37:00,6890.5,6861.1642,6963.8394,6967.301,2024-07-19 10:13:00,6967.301,GRID_B_FULL_TP,2.301,2.559,False,False,moex
LKOH,2024-07-22 13:15:00,2024-07-22 13:45:00,LONG,2024-07-22 13:52:00,6983.75,6945.0244,7080.5641,7085.1337,2024-07-24 07:04:00,6945.0244,INITIAL_STOP,-1.198,0.0,False,False,moex
LKOH,2024-07-23 09:15:00,2024-07-23 10:00:00,LONG,2024-07-23 10:20:00,6962.75,6939.5559,7020.7353,7023.4722,2024-07-24 07:04:00,6939.5559,INITIAL_STOP,-1.33,0.0,False,False,moex
LKOH,2024-08-05 04:00:00,2024-08-05 05:05:00,SHORT,2024-08-05 05:30:00,6561.5,6648.3422,6344.3944,6334.147,2024-08-08 04:00:00,6554.2824,BE_STOP,1.167,1.25,False,False,moex
LKOH,2024-08-27 13:30:00,2024-08-27 14:30:00,LONG,2024-08-27 15:04:00,6499.5,6475.2508,6560.1231,6562.9845,2024-08-27 16:24:00,6475.2508,INITIAL_STOP,-1.295,0.0,True,False,moex
LKOH,2024-08-28 04:05:00,2024-08-28 04:40:00,SHORT,2024-08-28 04:48:00,6509.5,6559.7643,6383.8394,6377.9082,2024-08-28 10:29:00,6377.9082,GRID_B_FULL_TP,2.417,2.559,False,False,moex
LKOH,2024-09-02 05:40:00,2024-09-02 06:55:00,LONG,2024-09-02 07:00:00,6123.25,6047.8151,6311.8372,6320.7385,2024-09-02 12:22:00,6047.8151,INITIAL_STOP,-1.089,0.0,False,False,moex
LKOH,2024-09-06 04:00:00,2024-09-06 04:35:00,LONG,2024-09-06 05:08:00,6285.75,6237.0714,6407.4466,6413.1906,2024-09-06 07:00:00,6237.0714,INITIAL_STOP,-1.142,0.0,False,False,moex
LKOH,2024-09-10 14:15:00,2024-09-10 15:35:00,LONG,2024-09-10 15:45:00,6442.25,6402.8366,6540.7834,6545.4342,2024-09-10 16:27:00,6402.8366,INITIAL_STOP,-1.18,0.0,True,False,moex
LKOH,2024-09-17 11:25:00,2024-09-17 11:45:00,LONG,2024-09-17 12:09:00,6754.5,6731.8682,6811.0794,6813.7499,2024-09-17 14:37:00,6813.7499,GRID_B_FULL_TP,2.231,2.559,True,False,moex
LKOH,2024-09-24 08:10:00,2024-09-24 08:20:00,LONG,2024-09-24 08:31:00,6924.0,6855.114,7096.215,7104.3435,2024-09-26 05:42:00,6855.114,INITIAL_STOP,-1.111,0.0,True,False,moex
LKOH,2024-10-21 15:35:00,2024-10-21 16:45:00,LONG,2024-10-21 17:20:00,7014.0,6975.479,7110.3025,7114.848,2024-10-22 07:37:00,6975.479,INITIAL_STOP,-1.2,0.0,True,False,moex
LKOH,2024-10-25 10:30:00,2024-10-25 10:50:00,LONG,2024-10-25 11:10:00,6994.0,6933.509,7145.2275,7152.3654,2024-10-25 12:00:00,6933.509,INITIAL_STOP,-1.127,0.0,True,False,moex
LKOH,2024-10-30 11:55:00,2024-10-30 12:35:00,LONG,2024-10-30 13:39:00,6811.25,6763.2831,6931.1672,6936.8273,2024-10-31 04:00:00,6763.2831,INITIAL_STOP,-1.156,0.0,True,False,moex
LKOH,2024-10-30 12:05:00,2024-10-30 12:35:00,LONG,2024-10-30 13:39:00,6811.25,6763.2831,6931.1672,6936.8273,2024-10-31 04:00:00,6763.2831,INITIAL_STOP,-1.156,0.0,True,False,moex
LKOH,2024-11-05 13:40:00,2024-11-05 14:25:00,LONG,2024-11-05 14:47:00,6844.0,6810.734,6927.165,6931.0904,2024-11-06 04:00:00,6931.0904,GRID_B_FULL_TP,2.333,2.559,True,False,moex
LKOH,2024-11-20 07:05:00,2024-11-20 07:45:00,SHORT,2024-11-20 08:10:00,6898.25,6929.3474,6820.5066,6816.8371,2024-11-20 10:14:00,6929.3474,INITIAL_STOP,-1.244,0.0,True,False,moex
LKOH,2024-12-23 16:45:00,2024-12-23 17:05:00,LONG,2024-12-23 17:11:00,6883.25,6864.6751,6929.6872,6931.879,2024-12-24 04:00:00,6931.879,GRID_B_FULL_TP,2.151,2.559,True,False,moex
LKOH,2025-02-14 04:00:00,2025-02-14 04:20:00,LONG,2025-02-14 04:42:00,7563.75,7273.6544,8288.9891,8323.2203,2025-02-17 07:21:00,7581.0,TIMEOUT,0.031,0.0,False,False,moex
LKOH,2025-03-16 16:05:00,2025-03-16 17:15:00,LONG,2025-03-16 17:32:00,7221.5,7128.1677,7454.8306,7465.8438,2025-03-19 17:08:00,7238.0,TIMEOUT,0.092,0.0,True,False,moex
LKOH,2025-03-21 12:15:00,2025-03-21 13:10:00,LONG,2025-03-21 13:59:00,7333.0,7302.0005,7410.4988,7414.1567,2025-03-24 08:17:00,7302.0005,INITIAL_STOP,-1.26,0.0,True,False,moex
LKOH,2025-03-25 12:20:00,2025-03-25 13:05:00,SHORT,2025-03-25 13:14:00,7242.0,7277.363,7153.5925,7149.4197,2025-03-25 16:24:00,7277.363,INITIAL_STOP,-1.225,0.0,True,False,moex
LKOH,2025-03-29 23:00:00,2025-03-29 23:10:00,SHORT,2025-03-29 23:15:00,7043.5,7075.5652,6963.3369,6959.5532,2025-03-30 14:06:00,6959.5532,GRID_B_FULL_TP,2.317,2.559,False,False,moex
LKOH,2025-03-31 08:45:00,2025-03-31 09:10:00,LONG,2025-03-31 09:37:00,7039.5,7001.4407,7134.6481,7139.1391,2025-04-01 11:34:00,7001.4407,INITIAL_STOP,-1.203,0.0,False,False,moex
LKOH,2025-04-08 05:00:00,2025-04-08 06:05:00,SHORT,2025-04-08 06:45:00,6430.5,6487.6457,6287.6356,6280.8924,2025-04-08 19:38:00,6280.8924,GRID_B_FULL_TP,2.435,2.559,False,False,moex
LKOH,2025-04-15 06:20:00,2025-04-15 07:15:00,SHORT,2025-04-15 07:32:00,6501.25,6529.7519,6429.9953,6426.6321,2025-04-15 11:29:00,6426.6321,GRID_B_FULL_TP,2.308,2.559,True,False,moex
LKOH,2025-04-28 11:30:00,2025-04-28 12:10:00,SHORT,2025-04-28 12:20:00,6911.25,6968.8669,6767.2078,6760.409,2025-04-29 15:45:00,6760.409,GRID_B_FULL_TP,2.427,2.559,False,False,moex
LKOH,2025-05-06 09:05:00,2025-05-06 10:00:00,SHORT,2025-05-06 11:15:00,6384.5,6408.5768,6324.3081,6321.4671,2025-05-06 12:04:00,6408.5768,INITIAL_STOP,-1.292,0.0,True,False,moex
LKOH,2025-05-06 13:00:00,2025-05-06 14:00:00,SHORT,2025-05-06 14:45:00,6425.0,6458.6375,6340.9062,6336.937,2025-05-06 19:09:00,6458.6375,INITIAL_STOP,-1.21,0.0,True,False,moex
LKOH,2025-05-11 16:05:00,2025-05-11 16:30:00,LONG,2025-05-11 16:38:00,6652.0,6592.022,6801.945,6809.0224,2025-05-14 13:38:00,6809.0224,GRID_B_FULL_TP,2.437,2.559,True,False,moex
LKOH,2025-06-01 01:45:00,2025-06-01 02:10:00,LONG,2025-06-01 02:18:00,6763.75,6714.8544,6885.9891,6891.7587,2025-06-01 11:41:00,6714.8544,INITIAL_STOP,-1.152,0.0,False,False,moex
LKOH,2025-06-13 06:40:00,2025-06-13 07:20:00,LONG,2025-06-13 07:26:00,6269.0,6218.0965,6396.2588,6402.2654,2025-06-13 23:00:00,6402.2654,GRID_B_FULL_TP,2.424,2.559,True,False,moex
LKOH,2025-08-09 23:00:00,2025-08-09 23:20:00,LONG,2025-08-09 23:35:00,6368.5,6324.9473,6477.3819,6482.5211,2025-08-11 10:30:00,6324.9473,INITIAL_STOP,-1.161,0.0,True,False,moex
LKOH,2025-09-22 11:50:00,2025-09-22 12:40:00,SHORT,2025-09-22 12:50:00,6190.5,6240.7858,6064.7856,6058.8519,2025-09-22 17:50:00,6240.7858,INITIAL_STOP,-1.135,0.0,True,False,moex
LKOH,2025-10-03 07:05:00,2025-10-03 08:25:00,SHORT,2025-10-03 08:37:00,6053.0,6069.0795,6012.8013,6010.9039,2025-10-03 09:50:00,6010.9039,GRID_B_FULL_TP,2.145,2.559,True,False,moex
LKOH,2025-10-07 04:00:00,2025-10-07 04:10:00,LONG,2025-10-07 04:21:00,6105.0,6072.8425,6185.3938,6189.1883,2025-10-08 09:31:00,6072.8425,INITIAL_STOP,-1.209,0.0,False,False,moex
LKOH,2025-10-24 10:30:00,2025-10-24 11:20:00,SHORT,2025-10-24 11:27:00,5689.25,5807.5339,5393.5403,5379.5828,2025-10-27 07:51:00,5379.5828,GRID_B_FULL_TP,2.506,2.559,True,False,moex
LKOH,2025-10-28 08:45:00,2025-10-28 10:05:00,SHORT,2025-10-28 11:11:00,5416.5,5468.1248,5287.4381,5281.3464,2025-10-28 12:04:00,5468.1248,INITIAL_STOP,-1.115,0.0,True,False,moex
LKOH,2025-11-05 06:30:00,2025-11-05 07:50:00,LONG,2025-11-05 08:03:00,5525.0,5494.2125,5601.9688,5605.6017,2025-11-05 14:03:00,5494.2125,INITIAL_STOP,-1.197,0.0,True,False,moex
LKOH,2025-12-15 04:00:00,2025-12-15 05:05:00,SHORT,2025-12-15 05:52:00,5686.75,5773.5301,5469.7997,5459.5596,2025-12-17 04:59:00,5773.5301,INITIAL_STOP,-1.072,0.0,False,False,moex
LKOH,2026-01-10 23:00:00,2026-01-11 00:15:00,SHORT,2026-01-11 00:26:00,5517.5,5688.2762,5090.5594,5070.4078,2026-01-14 07:37:00,5360.0,TIMEOUT,0.887,0.0,True,False,moex
LKOH,2026-03-01 16:05:00,2026-03-01 16:55:00,LONG,2026-03-01 17:08:00,5426.0,5351.861,5611.3475,5620.0959,2026-03-04 10:11:00,5431.9686,BE_STOP,1.169,1.25,True,False,moex
LKOH,2026-05-19 06:50:00,2026-05-19 08:10:00,LONG,2026-05-19 09:22:00,5191.0,5170.7135,5241.7163,5244.1101,2026-05-20 07:08:00,5170.7135,INITIAL_STOP,-1.281,0.0,True,False,moex
LKOH,2026-06-09 04:15:00,2026-06-09 05:00:00,SHORT,2026-06-09 05:23:00,4758.0,4797.137,4660.1575,4655.5393,2026-06-10 06:53:00,4655.5393,GRID_B_FULL_TP,2.425,2.559,False,False,moex
LKOH,2026-07-03 23:35:00,2026-07-04 00:15:00,SHORT,2026-07-04 00:24:00,4259.0,4302.3885,4150.5287,4145.4089,2026-07-05 06:59:00,4302.3885,INITIAL_STOP,-1.108,0.0,True,False,moex
LKOH,2026-07-06 06:10:00,2026-07-06 07:15:00,LONG,2026-07-06 07:20:00,4234.75,4215.1479,4283.7553,4286.0684,2026-07-06 08:02:00,4286.0684,GRID_B_FULL_TP,2.321,2.559,True,False,moex
LKOH,2026-07-07 09:30:00,2026-07-07 09:45:00,SHORT,2026-07-07 10:00:00,4262.0,4296.393,4176.0175,4171.9591,2026-07-07 14:32:00,4296.393,INITIAL_STOP,-1.136,0.0,True,False,moex
LKOH,2026-07-20 04:00:00,2026-07-20 04:45:00,SHORT,2026-07-20 05:03:00,4070.0,4134.105,3909.7375,3902.1731,2026-07-20 09:15:00,4134.105,INITIAL_STOP,-1.07,0.0,False,False,moex
LKOH,2026-07-21 09:30:00,2026-07-21 10:15:00,LONG,2026-07-21 10:29:00,4246.75,4213.6299,4329.5503,4333.4585,2026-07-21 11:46:00,4333.4585,GRID_B_FULL_TP,2.418,2.559,True,False,moex
LKOH,2026-08-04 07:15:00,2026-08-04 07:45:00,LONG,2026-08-04 07:50:00,4577.5,4543.1337,4663.4156,4667.4708,2026-08-04 11:55:00,4543.1337,INITIAL_STOP,-1.147,0.0,True,False,moex
LKOH,2026-08-18 05:10:00,2026-08-18 06:00:00,SHORT,2026-08-18 06:39:00,4236.5,4258.8548,4180.6131,4177.9753,2026-08-18 08:42:00,4231.8399,BE_STOP,1.042,1.25,False,False,moex
LKOH,2026-08-21 09:15:00,2026-08-21 10:15:00,SHORT,2026-08-21 11:08:00,4222.0,4266.833,4109.9175,4104.6272,2026-08-23 00:24:00,4266.833,INITIAL_STOP,-1.104,0.0,True,False,moex
ROSN,2024-07-21 07:00:00,2024-07-21 07:15:00,LONG,2024-07-21 07:30:00,525.525,521.2617,536.1832,536.6863,2024-07-24 10:45:00,536.6863,GRID_B_FULL_TP,2.423,2.559,False,False,moex
ROSN,2024-08-06 07:00:00,2024-08-06 08:10:00,SHORT,2024-08-06 08:21:00,500.075,502.7501,493.3872,493.0716,2024-08-06 12:27:00,493.0716,GRID_B_FULL_TP,2.353,2.559,False,False,moex
ROSN,2024-08-13 07:00:00,2024-08-13 07:45:00,SHORT,2024-08-13 07:50:00,501.8,507.2527,488.1683,487.5248,2024-08-16 08:43:00,494.8,TIMEOUT,1.183,0.0,False,False,moex
ROSN,2024-09-02 14:15:00,2024-09-02 14:40:00,SHORT,2024-09-02 15:07:00,465.65,469.0485,457.1538,456.7528,2024-09-02 15:37:00,456.7528,GRID_B_FULL_TP,2.408,2.559,True,False,moex
ROSN,2024-09-03 07:00:00,2024-09-03 07:20:00,SHORT,2024-09-03 08:37:00,461.925,466.1429,451.3803,450.8826,2024-09-03 08:48:00,466.1429,INITIAL_STOP,-1.12,0.0,True,False,moex
ROSN,2024-09-03 07:05:00,2024-09-03 07:20:00,SHORT,2024-09-03 08:37:00,461.925,466.1429,451.3803,450.8826,2024-09-03 08:48:00,466.1429,INITIAL_STOP,-1.12,0.0,True,False,moex
ROSN,2025-01-13 07:00:00,2025-01-13 07:10:00,LONG,2025-01-13 07:16:00,565.775,560.8013,578.2092,578.796,2025-01-13 07:28:00,560.8013,INITIAL_STOP,-1.125,0.0,False,False,moex
ROSN,2025-02-08 23:00:00,2025-02-08 23:15:00,LONG,2025-02-08 23:24:00,531.65,526.9525,543.3937,543.948,2025-02-11 16:27:00,538.6,TIMEOUT,1.355,0.0,True,False,moex
ROSN,2025-02-18 18:30:00,2025-02-18 18:55:00,LONG,2025-02-18 19:06:00,569.5,565.7958,578.7606,579.1977,2025-02-19 08:53:00,565.7958,INITIAL_STOP,-1.169,0.0,True,False,moex
ROSN,2025-02-28 14:45:00,2025-02-28 16:20:00,SHORT,2025-02-28 16:39:00,558.75,561.5881,551.6547,551.3198,2025-02-28 16:53:00,561.5881,INITIAL_STOP,-1.217,0.0,True,False,moex
ROSN,2025-03-11 04:20:00,2025-03-11 05:20:00,LONG,2025-03-11 05:57:00,525.15,522.7123,531.2443,531.532,2025-03-12 10:16:00,531.532,GRID_B_FULL_TP,2.322,2.559,False,False,moex
ROSN,2025-04-13 16:05:00,2025-04-13 17:15:00,LONG,2025-04-13 18:12:00,457.4,449.1639,477.9902,478.9621,2025-04-14 07:13:00,449.1639,INITIAL_STOP,-1.061,0.0,True,False,moex
ROSN,2025-04-18 11:05:00,2025-04-18 11:20:00,LONG,2025-04-18 11:26:00,469.575,466.8456,476.3984,476.7205,2025-04-18 13:30:00,476.7205,GRID_B_FULL_TP,2.37,2.559,True,False,moex
ROSN,2025-05-06 07:40:00,2025-05-06 07:55:00,SHORT,2025-05-06 08:06:00,431.75,433.6476,427.0059,426.782,2025-05-06 09:30:00,433.6476,INITIAL_STOP,-1.25,0.0,True,False,moex
ROSN,2025-06-02 08:25:00,2025-06-02 09:15:00,SHORT,2025-06-02 09:20:00,429.8,432.4447,423.1882,422.8762,2025-06-02 13:42:00,432.4447,INITIAL_STOP,-1.179,0.0,False,False,moex
ROSN,2025-06-02 09:00:00,2025-06-02 09:15:00,SHORT,2025-06-02 09:20:00,429.8,432.4447,423.1883,422.8762,2025-06-02 13:42:00,432.4447,INITIAL_STOP,-1.179,0.0,True,False,moex
ROSN,2025-06-04 14:15:00,2025-06-04 15:25:00,LONG,2025-06-04 15:30:00,435.2,431.7972,443.707,444.1085,2025-06-06 07:29:00,444.1085,GRID_B_FULL_TP,2.418,2.559,True,False,moex
ROSN,2025-06-04 15:10:00,2025-06-04 15:25:00,LONG,2025-06-04 15:30:00,435.2,431.7972,443.707,444.1085,2025-06-06 07:29:00,444.1085,GRID_B_FULL_TP,2.418,2.559,True,False,moex
ROSN,2025-06-16 04:00:00,2025-06-16 04:50:00,LONG,2025-06-16 05:01:00,445.575,442.7316,452.6834,453.0189,2025-06-16 07:09:00,442.7316,INITIAL_STOP,-1.172,0.0,False,False,moex
ROSN,2025-06-18 14:20:00,2025-06-18 15:10:00,LONG,2025-06-18 15:18:00,452.2,447.5217,463.8957,464.4478,2025-06-20 15:24:00,447.5217,INITIAL_STOP,-1.106,0.0,True,False,moex
ROSN,2025-06-18 14:35:00,2025-06-18 15:10:00,LONG,2025-06-18 15:18:00,452.2,447.5217,463.8957,464.4478,2025-06-20 15:24:00,447.5217,INITIAL_STOP,-1.106,0.0,True,False,moex
ROSN,2025-07-18 08:20:00,2025-07-18 09:00:00,SHORT,2025-07-18 09:06:00,412.2,413.6183,408.6543,408.4869,2025-07-18 09:58:00,413.6183,INITIAL_STOP,-1.32,0.0,True,False,moex
ROSN,2025-08-18 19:00:00,2025-08-18 19:20:00,SHORT,2025-08-19 03:59:00,477.075,482.9156,462.4735,461.7843,2025-08-20 14:10:00,461.7843,GRID_B_FULL_TP,2.469,2.559,True,False,moex
ROSN,2025-08-18 18:55:00,2025-08-18 19:20:00,SHORT,2025-08-19 03:59:00,477.075,482.9156,462.4735,461.7843,2025-08-20 14:10:00,461.7843,GRID_B_FULL_TP,2.469,2.559,True,False,moex
ROSN,2025-08-22 07:05:00,2025-08-22 07:55:00,SHORT,2025-08-22 08:08:00,456.025,458.984,448.6274,448.2782,2025-08-22 11:32:00,458.984,INITIAL_STOP,-1.17,0.0,True,False,moex
ROSN,2025-09-10 06:10:00,2025-09-10 07:10:00,LONG,2025-09-10 07:31:00,464.175,461.5537,470.7282,471.0375,2025-09-10 11:05:00,461.5537,INITIAL_STOP,-1.195,0.0,True,False,moex
ROSN,2025-09-16 05:35:00,2025-09-16 05:50:00,SHORT,2025-09-16 06:01:00,442.5,443.9137,438.9656,438.7988,2025-09-16 08:54:00,438.7988,GRID_B_FULL_TP,2.215,2.559,False,False,moex
ROSN,2025-09-26 16:05:00,2025-09-26 16:20:00,SHORT,2025-09-26 16:53:00,425.325,426.638,422.0425,421.8876,2025-09-26 23:00:00,426.638,INITIAL_STOP,-1.356,0.0,True,False,moex
ROSN,2025-10-15 10:10:00,2025-10-15 10:30:00,SHORT,2025-10-15 10:46:00,401.025,403.5515,394.7087,394.4105,2025-10-15 11:47:00,403.5515,INITIAL_STOP,-1.175,0.0,True,False,moex
ROSN,2025-10-24 20:30:00,2025-10-24 20:40:00,SHORT,2025-10-24 23:01:00,390.0,393.335,381.6625,381.269,2025-10-27 06:22:00,381.269,GRID_B_FULL_TP,2.43,2.559,True,False,moex
ROSN,2025-12-17 05:00:00,2025-12-17 06:05:00,SHORT,2025-12-17 06:37:00,414.45,417.1717,407.6458,407.3247,2025-12-18 14:30:00,407.3247,GRID_B_FULL_TP,2.391,2.559,False,False,moex
ROSN,2026-03-03 19:40:00,2026-03-03 20:40:00,LONG,2026-03-04 04:57:00,440.325,437.4895,447.4137,447.7483,2026-03-04 12:15:00,437.4895,INITIAL_STOP,-1.171,0.0,False,False,moex
ROSN,2026-03-07 23:00:00,2026-03-07 23:15:00,LONG,2026-03-08 00:01:00,483.825,477.2743,500.2018,500.9748,2026-03-09 03:59:00,500.9748,GRID_B_FULL_TP,2.478,2.559,False,False,moex
ROSN,2026-03-20 04:10:00,2026-03-20 05:25:00,LONG,2026-03-20 05:56:00,509.9,505.9851,519.6871,520.1491,2026-03-20 12:13:00,505.9851,INITIAL_STOP,-1.143,0.0,False,False,moex
ROSN,2026-03-27 23:00:00,2026-03-27 23:20:00,SHORT,2026-03-27 23:28:00,495.075,498.8426,485.656,485.2114,2026-03-30 08:33:00,498.8426,INITIAL_STOP,-1.145,0.0,True,False,moex
ROSN,2026-04-07 07:05:00,2026-04-07 07:25:00,LONG,2026-04-07 07:34:00,470.3,467.6446,476.9386,477.252,2026-04-07 11:26:00,477.252,GRID_B_FULL_TP,2.364,2.559,True,False,moex
ROSN,2026-05-22 07:10:00,2026-05-22 08:30:00,SHORT,2026-05-22 08:35:00,403.325,406.605,395.125,394.738,2026-05-23 20:02:00,394.738,GRID_B_FULL_TP,2.424,2.559,True,False,moex
ROSN,2026-06-19 12:45:00,2026-06-19 14:05:00,SHORT,2026-06-19 15:28:00,330.475,333.8957,321.9232,321.5196,2026-06-22 09:41:00,321.5196,GRID_B_FULL_TP,2.453,2.559,True,False,moex
ROSN,2026-07-10 05:20:00,2026-07-10 06:20:00,LONG,2026-07-10 07:12:00,309.725,307.0854,316.324,316.6354,2026-07-12 07:00:00,316.6354,GRID_B_FULL_TP,2.43,2.559,False,False,moex
ROSN,2026-07-27 10:25:00,2026-07-27 10:45:00,SHORT,2026-07-27 11:52:00,343.55,346.4653,336.2617,335.9177,2026-07-28 07:32:00,335.9177,GRID_B_FULL_TP,2.429,2.559,True,False,moex
ROSN,2026-07-27 10:35:00,2026-07-27 10:45:00,SHORT,2026-07-27 11:52:00,343.55,346.4653,336.2617,335.9177,2026-07-28 07:32:00,335.9177,GRID_B_FULL_TP,2.429,2.559,True,False,moex
ROSN,2026-07-31 11:20:00,2026-07-31 11:40:00,SHORT,2026-07-31 11:55:00,346.05,348.2691,340.5023,340.2405,2026-07-31 19:19:00,348.2691,INITIAL_STOP,-1.172,0.0,True,False,moex
ROSN,2026-08-19 09:55:00,2026-08-19 10:05:00,LONG,2026-08-19 10:28:00,312.525,310.8312,316.7595,316.9593,2026-08-19 15:18:00,316.9593,GRID_B_FULL_TP,2.356,2.559,True,False,moex
ROSN,2026-09-11 07:45:00,2026-09-11 09:05:00,LONG,2026-09-11 09:11:00,349.575,347.7256,354.1984,354.4166,2026-09-11 10:16:00,347.7256,INITIAL_STOP,-1.208,0.0,True,False,moex
ROSN,2026-09-11 10:15:00,2026-09-11 11:00:00,LONG,2026-09-11 11:47:00,348.625,345.4771,356.4948,356.8663,2026-09-11 14:11:00,349.6,TIMEOUT,0.188,0.0,True,False,moex
YDEX,2024-06-14 14:40:00,2024-06-14 16:10:00,LONG,2024-06-14 16:15:00,4073.0,4063.8905,4095.7738,4096.8487,2024-06-14 16:43:00,4096.8487,GRID_B_FULL_TP,2.067,2.559,False,False,moex
YDEX,2024-08-06 09:40:00,2024-08-06 10:15:00,LONG,2024-08-06 10:24:00,3643.75,3617.5344,3709.2891,3712.3825,2024-08-06 12:27:00,3617.5344,INITIAL_STOP,-1.153,0.0,True,False,moex
YDEX,2024-08-23 04:10:00,2024-08-23 04:25:00,LONG,2024-08-23 04:44:00,3781.25,3758.8281,3837.3047,3839.9505,2024-08-23 15:18:00,3758.8281,INITIAL_STOP,-1.186,0.0,False,False,moex
YDEX,2024-08-28 09:35:00,2024-08-28 10:00:00,SHORT,2024-08-28 10:20:00,3860.5,3882.7908,3804.7731,3802.1428,2024-08-28 13:16:00,3882.7908,INITIAL_STOP,-1.191,0.0,True,False,moex
YDEX,2024-09-03 07:05:00,2024-09-03 07:25:00,SHORT,2024-09-03 08:30:00,3641.25,3683.9619,3534.4703,3529.4303,2024-09-03 08:56:00,3683.9619,INITIAL_STOP,-1.094,0.0,True,False,moex
YDEX,2024-09-03 08:55:00,2024-09-03 09:45:00,SHORT,2024-09-03 10:13:00,3680.25,3712.5204,3599.5741,3595.7662,2024-09-04 15:39:00,3712.5204,INITIAL_STOP,-1.125,0.0,True,False,moex
YDEX,2024-09-17 11:20:00,2024-09-17 11:50:00,LONG,2024-09-17 11:57:00,4065.5,4047.9018,4109.4956,4111.5722,2024-09-17 13:41:00,4111.5722,GRID_B_FULL_TP,2.305,2.559,True,False,moex
YDEX,2024-10-08 12:10:00,2024-10-08 12:25:00,LONG,2024-10-08 12:36:00,3980.25,3956.0296,4040.8009,4043.6589,2024-10-08 14:10:00,3956.0296,INITIAL_STOP,-1.181,0.0,True,False,moex
YDEX,2024-10-25 05:45:00,2024-10-25 07:20:00,SHORT,2024-10-25 07:28:00,3977.25,3997.9659,3925.4603,3923.0158,2024-10-25 08:31:00,3997.9659,INITIAL_STOP,-1.211,0.0,False,False,moex
YDEX,2024-10-25 10:30:00,2024-10-25 10:50:00,LONG,2024-10-25 11:30:00,3962.25,3899.0566,4120.2334,4127.6903,2024-10-25 13:44:00,3899.0566,INITIAL_STOP,-1.069,0.0,True,False,moex
YDEX,2024-10-28 09:10:00,2024-10-28 09:25:00,SHORT,2024-10-28 09:41:00,3853.5,3877.2802,3794.0494,3791.2433,2024-10-28 11:19:00,3791.2433,GRID_B_FULL_TP,2.381,2.559,True,False,moex
YDEX,2024-10-28 09:00:00,2024-10-28 09:25:00,SHORT,2024-10-28 09:41:00,3853.5,3877.2802,3794.0494,3791.2433,2024-10-28 11:19:00,3791.2433,GRID_B_FULL_TP,2.381,2.559,True,False,moex
YDEX,2024-11-01 07:00:00,2024-11-01 07:20:00,SHORT,2024-11-01 07:30:00,3673.75,3705.0106,3595.5984,3591.9097,2024-11-03 14:06:00,3705.0106,INITIAL_STOP,-1.129,0.0,True,False,moex
YDEX,2024-11-11 11:45:00,2024-11-11 12:45:00,LONG,2024-11-11 12:51:00,3896.25,3862.6556,3980.2359,3984.2001,2024-11-12 07:09:00,3862.6556,INITIAL_STOP,-1.128,0.0,True,False,moex
YDEX,2024-11-15 04:00:00,2024-11-15 04:15:00,SHORT,2024-11-15 04:24:00,3682.25,3694.0234,3652.8166,3651.4273,2024-11-15 07:11:00,3694.0234,INITIAL_STOP,-1.344,0.0,False,False,moex
YDEX,2024-11-18 13:55:00,2024-11-18 14:50:00,SHORT,2024-11-18 15:03:00,3696.0,3714.044,3650.89,3648.7608,2024-11-18 20:43:00,3648.7608,GRID_B_FULL_TP,2.334,2.559,True,False,moex
YDEX,2024-11-22 09:10:00,2024-11-22 09:20:00,LONG,2024-11-22 10:36:00,3448.5,3431.8272,3490.1819,3492.1493,2024-11-22 11:51:00,3431.8272,INITIAL_STOP,-1.228,0.0,True,False,moex
YDEX,2024-11-27 07:05:00,2024-11-27 07:25:00,SHORT,2024-11-27 07:35:00,3172.75,3242.2591,2998.9772,2990.7751,2024-11-27 09:30:00,3242.2591,INITIAL_STOP,-1.05,0.0,True,False,moex
YDEX,2024-12-06 07:05:00,2024-12-06 07:40:00,LONG,2024-12-06 08:05:00,3376.75,3357.4349,3425.0378,3427.317,2024-12-06 09:28:00,3357.4349,INITIAL_STOP,-1.192,0.0,True,False,moex
YDEX,2024-12-06 20:30:00,2024-12-06 20:45:00,LONG,2024-12-07 04:01:00,3368.0,3345.948,3423.13,3425.7321,2024-12-08 08:23:00,3425.7321,GRID_B_FULL_TP,2.391,2.559,True,False,moex
YDEX,2024-12-06 20:35:00,2024-12-06 20:45:00,LONG,2024-12-07 04:01:00,3368.0,3345.948,3423.13,3425.7321,2024-12-08 08:23:00,3425.7321,GRID_B_FULL_TP,2.391,2.559,True,False,moex
YDEX,2024-12-18 04:00:00,2024-12-18 05:15:00,SHORT,2024-12-18 05:27:00,3248.5,3302.8727,3112.5681,3106.1521,2024-12-19 08:41:00,3302.8727,INITIAL_STOP,-1.066,0.0,False,False,moex
YDEX,2024-12-20 06:30:00,2024-12-20 06:55:00,LONG,2024-12-20 07:00:00,3339.0,3310.9915,3409.0212,3412.3263,2024-12-20 10:30:00,3412.3263,GRID_B_FULL_TP,2.428,2.559,True,False,moex
YDEX,2024-12-21 05:05:00,2024-12-21 06:20:00,LONG,2024-12-21 06:29:00,3695.25,3665.9571,3768.4822,3771.9387,2024-12-23 04:09:00,3771.9387,GRID_B_FULL_TP,2.42,2.559,False,False,moex
YDEX,2024-12-27 10:25:00,2024-12-27 10:50:00,LONG,2024-12-27 10:58:00,3825.25,3802.2621,3882.7197,3885.4323,2024-12-28 04:01:00,3885.4323,GRID_B_FULL_TP,2.376,2.559,True,False,moex
YDEX,2024-12-28 11:45:00,2024-12-28 12:25:00,LONG,2024-12-28 13:29:00,3888.25,3867.1676,3940.9559,3943.4437,2024-12-28 23:14:00,3943.4437,GRID_B_FULL_TP,2.356,2.559,False,False,moex
YDEX,2025-01-08 07:00:00,2025-01-08 07:30:00,SHORT,2025-01-08 07:36:00,3900.25,3924.3504,3839.9991,3837.1552,2025-01-08 12:01:00,3924.3504,INITIAL_STOP,-1.178,0.0,False,False,moex
YDEX,2025-01-28 07:25:00,2025-01-28 08:00:00,SHORT,2025-01-28 08:07:00,3976.0,4000.964,3913.59,3910.6442,2025-01-28 11:42:00,4000.964,INITIAL_STOP,-1.175,0.0,True,False,moex
YDEX,2025-01-28 07:50:00,2025-01-28 08:00:00,SHORT,2025-01-28 08:07:00,3976.0,4000.964,3913.59,3910.6442,2025-01-28 11:42:00,4000.964,INITIAL_STOP,-1.175,0.0,True,False,moex
YDEX,2025-01-28 14:55:00,2025-01-28 15:35:00,SHORT,2025-01-28 16:42:00,4018.75,4037.0281,3973.0547,3970.8979,2025-01-28 18:22:00,4037.0281,INITIAL_STOP,-1.242,0.0,True,False,moex
YDEX,2025-01-28 15:15:00,2025-01-28 15:35:00,SHORT,2025-01-28 16:42:00,4018.75,4037.0281,3973.0547,3970.8979,2025-01-28 18:22:00,4037.0281,INITIAL_STOP,-1.242,0.0,True,False,moex
YDEX,2025-01-29 14:15:00,2025-01-29 14:25:00,LONG,2025-01-29 14:46:00,4066.75,4048.8999,4111.3753,4113.4816,2025-01-29 15:45:00,4113.4816,GRID_B_FULL_TP,2.308,2.559,False,False,moex
YDEX,2025-02-12 14:55:00,2025-02-12 15:05:00,LONG,2025-02-12 15:25:00,4297.25,4277.0541,4347.7397,4350.1228,2025-02-12 16:05:00,4277.0541,INITIAL_STOP,-1.234,0.0,True,False,moex
YDEX,2025-02-14 04:00:00,2025-02-14 04:20:00,LONG,2025-02-14 04:25:00,4553.75,4433.1694,4855.2016,4869.4301,2025-02-17 05:30:00,4650.0,TIMEOUT,0.757,0.0,False,False,moex
YDEX,2025-02-24 13:45:00,2025-02-24 14:05:00,LONG,2025-02-24 14:13:00,4622.5,4601.5662,4674.8344,4677.3046,2025-02-25 05:19:00,4677.3046,GRID_B_FULL_TP,2.316,2.559,True,False,moex
YDEX,2025-02-24 13:30:00,2025-02-24 14:05:00,LONG,2025-02-24 14:13:00,4622.5,4601.5662,4674.8344,4677.3046,2025-02-25 05:19:00,4677.3046,GRID_B_FULL_TP,2.316,2.559,True,False,moex
YDEX,2025-02-28 07:00:00,2025-02-28 07:25:00,SHORT,2025-02-28 07:32:00,4411.0,4456.1165,4298.2088,4292.885,2025-02-28 17:35:00,4456.1165,INITIAL_STOP,-1.108,0.0,True,False,moex
YDEX,2025-03-17 11:50:00,2025-03-17 12:25:00,LONG,2025-03-17 12:31:00,4618.5,4555.0723,4777.0694,4784.5538,2025-03-20 11:44:00,4635.0,TIMEOUT,0.18,0.0,True,False,moex
YDEX,2025-03-19 07:30:00,2025-03-19 08:00:00,LONG,2025-03-19 08:11:00,4612.5,4588.5813,4672.2969,4675.1193,2025-03-20 12:07:00,4617.5737,BE_STOP,1.038,1.25,True,False,moex
YDEX,2025-03-25 11:40:00,2025-03-25 12:10:00,SHORT,2025-03-25 12:16:00,4580.5,4600.3708,4530.8231,4528.4784,2025-03-25 15:38:00,4600.3708,INITIAL_STOP,-1.254,0.0,False,False,moex
YDEX,2025-03-26 07:05:00,2025-03-26 07:40:00,LONG,2025-03-26 07:46:00,4654.25,4638.0186,4694.8284,4696.7437,2025-03-26 08:42:00,4638.0186,INITIAL_STOP,-1.315,0.0,True,False,moex
YDEX,2025-03-26 08:40:00,2025-03-26 09:15:00,LONG,2025-03-26 09:24:00,4641.5,4620.5378,4693.9056,4696.3792,2025-03-26 12:44:00,4620.5378,INITIAL_STOP,-1.244,0.0,True,False,moex
YDEX,2025-04-11 13:50:00,2025-04-11 14:05:00,LONG,2025-04-11 14:19:00,4130.75,4114.8039,4170.6153,4172.497,2025-04-11 14:29:00,4114.8039,INITIAL_STOP,-1.285,0.0,True,False,moex
YDEX,2025-05-05 04:00:00,2025-05-05 04:30:00,SHORT,2025-05-05 05:09:00,3941.25,3980.9119,3842.0953,3837.4152,2025-05-05 14:22:00,3837.4152,GRID_B_FULL_TP,2.45,2.559,False,False,moex
YDEX,2025-05-11 01:45:00,2025-05-11 02:00:00,LONG,2025-05-11 02:31:00,4054.75,4043.9179,4081.8303,4083.1085,2025-05-11 04:24:00,4043.9179,INITIAL_STOP,-1.412,0.0,False,False,moex
YDEX,2025-05-13 13:15:00,2025-05-13 14:10:00,SHORT,2025-05-13 14:17:00,4125.75,4147.1886,4072.1534,4069.6237,2025-05-14 13:36:00,4147.1886,INITIAL_STOP,-1.212,0.0,True,False,moex
YDEX,2025-05-26 20:05:00,2025-05-27 04:05:00,SHORT,2025-05-27 04:11:00,3916.0,3927.874,3886.315,3884.9139,2025-05-27 04:32:00,3884.9139,GRID_B_FULL_TP,2.196,2.559,True,False,moex
YDEX,2025-06-02 17:25:00,2025-06-02 18:25:00,LONG,2025-06-02 18:47:00,4154.0,4138.769,4192.0775,4193.8748,2025-06-02 19:27:00,4138.769,INITIAL_STOP,-1.3,0.0,True,False,moex
YDEX,2025-06-04 04:10:00,2025-06-04 04:35:00,LONG,2025-06-04 04:40:00,4217.75,4198.1734,4266.6916,4269.0016,2025-06-04 14:15:00,4198.1734,INITIAL_STOP,-1.237,0.0,False,False,moex
YDEX,2025-06-18 08:45:00,2025-06-18 09:40:00,LONG,2025-06-18 10:46:00,4078.5,4056.3822,4133.7944,4136.4043,2025-06-18 13:26:00,4056.3822,INITIAL_STOP,-1.203,0.0,True,False,moex
YDEX,2025-06-18 14:00:00,2025-06-18 14:30:00,LONG,2025-06-18 14:36:00,4047.75,4030.4284,4091.0541,4093.098,2025-06-19 10:51:00,4030.4284,INITIAL_STOP,-1.257,0.0,True,False,moex
YDEX,2025-06-23 07:20:00,2025-06-23 07:30:00,LONG,2025-06-23 09:27:00,4035.75,4013.9464,4090.2591,4092.8319,2025-06-23 15:45:00,4013.9464,INITIAL_STOP,-1.204,0.0,True,False,moex
YDEX,2025-07-02 13:35:00,2025-07-02 13:55:00,SHORT,2025-07-02 14:11:00,4148.5,4166.2228,4104.1931,4102.1018,2025-07-03 09:02:00,4166.2228,INITIAL_STOP,-1.257,0.0,True,False,moex
YDEX,2025-07-04 07:25:00,2025-07-04 08:15:00,SHORT,2025-07-04 10:04:00,4101.5,4136.6522,4013.6194,4009.4714,2025-07-04 10:20:00,4136.6522,INITIAL_STOP,-1.128,0.0,True,False,moex
YDEX,2025-07-09 07:35:00,2025-07-09 07:50:00,LONG,2025-07-09 08:02:00,4075.75,4061.8864,4110.4091,4112.045,2025-07-09 08:50:00,4112.045,GRID_B_FULL_TP,2.236,2.559,True,False,moex
YDEX,2025-07-12 16:05:00,2025-07-12 17:05:00,SHORT,2025-07-12 17:32:00,3993.75,4096.9906,3735.6484,3723.466,2025-07-14 15:16:00,4096.9906,INITIAL_STOP,-1.043,0.0,True,False,moex
YDEX,2025-07-12 23:20:00,2025-07-13 00:35:00,SHORT,2025-07-13 00:48:00,4005.5,4025.5082,3955.4794,3953.1184,2025-07-13 19:35:00,3953.1184,GRID_B_FULL_TP,2.339,2.559,True,False,moex
YDEX,2025-07-19 23:00:00,2025-07-19 23:20:00,LONG,2025-07-20 00:14:00,4429.5,4389.8557,4528.6106,4533.2886,2025-07-21 11:23:00,4389.8557,INITIAL_STOP,-1.123,0.0,True,False,moex
YDEX,2025-07-28 04:00:00,2025-07-28 04:20:00,SHORT,2025-07-28 04:25:00,4257.75,4283.8866,4192.4084,4189.3243,2025-07-28 05:52:00,4283.8866,INITIAL_STOP,-1.179,0.0,False,False,moex
YDEX,2025-08-18 15:35:00,2025-08-18 16:35:00,LONG,2025-08-18 16:53:00,4416.0,4391.376,4477.56,4480.4656,2025-08-18 19:04:00,4480.4656,GRID_B_FULL_TP,2.362,2.559,True,False,moex
YDEX,2025-08-19 12:40:00,2025-08-19 13:10:00,LONG,2025-08-19 15:08:00,4452.25,4435.8216,4493.3209,4495.2595,2025-08-19 15:22:00,4435.8216,INITIAL_STOP,-1.298,0.0,True,False,moex
YDEX,2025-09-02 12:05:00,2025-09-02 12:40:00,SHORT,2025-09-02 12:48:00,4282.25,4315.4234,4199.3166,4195.4021,2025-09-03 07:04:00,4315.4234,INITIAL_STOP,-1.142,0.0,True,False,moex
YDEX,2025-09-24 07:40:00,2025-09-24 08:10:00,SHORT,2025-09-24 08:16:00,4077.5,4098.1163,4025.9594,4023.5267,2025-09-24 08:24:00,4098.1163,INITIAL_STOP,-1.218,0.0,True,False,moex
YDEX,2025-10-10 05:30:00,2025-10-10 05:55:00,LONG,2025-10-10 07:18:00,3908.5,3885.6373,3965.6569,3968.3547,2025-10-10 10:48:00,3885.6373,INITIAL_STOP,-1.188,0.0,False,False,moex
YDEX,2025-10-28 13:00:00,2025-10-28 13:30:00,LONG,2025-10-28 14:04:00,3829.75,3810.2554,3878.4866,3880.7869,2025-10-28 19:41:00,3880.7869,GRID_B_FULL_TP,2.343,2.559,True,False,moex
YDEX,2025-11-01 11:15:00,2025-11-01 12:20:00,LONG,2025-11-01 13:16:00,3996.0,3982.006,4030.985,4032.6363,2025-11-01 23:00:00,4032.6363,GRID_B_FULL_TP,2.245,2.559,False,False,moex
YDEX,2025-11-03 23:00:00,2025-11-04 00:00:00,LONG,2025-11-04 00:19:00,4073.5,4044.3897,4146.2756,4149.7106,2025-11-05 04:56:00,4044.3897,INITIAL_STOP,-1.154,0.0,True,False,moex
YDEX,2025-11-18 20:30:00,2025-11-19 03:55:00,LONG,2025-11-19 04:00:00,3928.25,3904.6076,3987.3559,3990.1457,2025-11-19 07:52:00,3990.1457,GRID_B_FULL_TP,2.376,2.559,True,False,moex
YDEX,2025-12-05 20:10:00,2025-12-05 20:25:00,LONG,2025-12-05 20:42:00,4279.5,4243.5808,4369.2981,4373.5366,2025-12-08 20:41:00,4297.0,TIMEOUT_P50,1.363,1.25,True,False,moex
YDEX,2026-01-06 06:25:00,2026-01-06 07:05:00,SHORT,2026-01-06 08:06:00,4516.0,4532.274,4475.315,4473.3947,2026-01-06 23:01:00,4532.274,INITIAL_STOP,-1.305,0.0,True,False,moex
YDEX,2026-01-14 07:20:00,2026-01-14 07:45:00,LONG,2026-01-14 08:06:00,4467.25,4451.2991,4507.1272,4509.0094,2026-01-14 08:34:00,4509.0094,GRID_B_FULL_TP,2.251,2.559,True,False,moex
YDEX,2026-01-16 23:00:00,2026-01-17 00:00:00,LONG,2026-01-17 00:37:00,4655.25,4594.0171,4808.3322,4815.5577,2026-01-19 19:36:00,4671.0,TIMEOUT,0.174,0.0,True,False,moex
YDEX,2026-02-08 07:05:00,2026-02-08 08:10:00,SHORT,2026-02-08 08:17:00,4605.25,4619.4079,4569.8553,4568.1847,2026-02-08 16:05:00,4619.4079,INITIAL_STOP,-1.358,0.0,True,False,moex
YDEX,2026-02-17 08:05:00,2026-02-17 08:35:00,LONG,2026-02-17 09:26:00,4823.25,4785.2651,4918.2122,4922.6944,2026-02-17 13:49:00,4785.2651,INITIAL_STOP,-1.14,0.0,True,False,moex
YDEX,2026-03-01 16:05:00,2026-03-01 16:20:00,SHORT,2026-03-01 16:25:00,4742.75,4884.1141,4389.3397,4372.6587,2026-03-04 15:30:00,4553.0,TIMEOUT,1.305,0.0,True,False,moex
YDEX,2026-03-25 06:25:00,2026-03-25 07:20:00,SHORT,2026-03-25 08:55:00,4326.25,4350.4894,4265.6516,4262.7913,2026-03-25 11:16:00,4350.4894,INITIAL_STOP,-1.196,0.0,True,False,moex
YDEX,2026-03-30 18:05:00,2026-03-30 18:40:00,LONG,2026-03-30 19:12:00,4281.75,4262.5774,4329.6816,4331.9439,2026-03-31 10:48:00,4262.5774,INITIAL_STOP,-1.246,0.0,True,False,moex
YDEX,2026-04-01 14:55:00,2026-04-01 15:30:00,LONG,2026-04-01 15:57:00,4257.5,4243.6138,4292.2156,4293.8542,2026-04-01 19:25:00,4293.8542,GRID_B_FULL_TP,2.222,2.559,True,False,moex
YDEX,2026-04-05 16:00:00,2026-04-05 16:55:00,SHORT,2026-04-05 17:20:00,4141.25,4176.2119,4053.8453,4049.7198,2026-04-06 09:00:00,4176.2119,INITIAL_STOP,-1.13,0.0,True,False,moex
YDEX,2026-04-17 07:25:00,2026-04-17 08:20:00,LONG,2026-04-17 09:13:00,4257.5,4230.6138,4324.7156,4327.8882,2026-04-20 12:06:00,4276.5,TIMEOUT,0.532,0.0,True,False,moex
YDEX,2026-04-21 09:55:00,2026-04-21 11:15:00,LONG,2026-04-21 11:22:00,4312.0,4283.532,4383.17,4386.5292,2026-04-23 05:16:00,4386.5292,GRID_B_FULL_TP,2.392,2.559,False,False,moex
YDEX,2026-04-21 10:45:00,2026-04-21 11:15:00,LONG,2026-04-21 11:22:00,4312.0,4283.532,4383.17,4386.5292,2026-04-23 05:16:00,4386.5292,GRID_B_FULL_TP,2.392,2.559,True,False,moex
YDEX,2026-05-19 07:25:00,2026-05-19 08:10:00,LONG,2026-05-19 10:04:00,4070.25,4046.3946,4129.8884,4132.7034,2026-05-20 06:55:00,4046.3946,INITIAL_STOP,-1.188,0.0,True,False,moex
YDEX,2026-06-09 06:15:00,2026-06-09 06:30:00,SHORT,2026-06-09 08:04:00,3901.75,3915.8526,3866.4934,3864.8293,2026-06-09 08:19:00,3915.8526,INITIAL_STOP,-1.304,0.0,True,False,moex
YDEX,2026-06-30 07:00:00,2026-06-30 07:20:00,LONG,2026-06-30 07:58:00,3637.25,3594.5441,3744.0147,3749.054,2026-06-30 11:00:00,3749.054,GRID_B_FULL_TP,2.465,2.559,True,False,moex
YDEX,2026-07-07 09:25:00,2026-07-07 09:50:00,SHORT,2026-07-07 09:57:00,3449.5,3480.6742,3371.5644,3367.8858,2026-07-07 15:00:00,3480.6742,INITIAL_STOP,-1.122,0.0,True,False,moex
YDEX,2026-07-07 09:30:00,2026-07-07 09:50:00,SHORT,2026-07-07 09:57:00,3449.5,3480.6743,3371.5644,3367.8858,2026-07-07 15:00:00,3480.6743,INITIAL_STOP,-1.122,0.0,True,False,moex
YDEX,2026-07-07 17:40:00,2026-07-07 18:10:00,SHORT,2026-07-07 19:08:00,3470.5,3516.7058,3354.9856,3349.5333,2026-07-08 08:33:00,3516.7058,INITIAL_STOP,-1.083,0.0,True,False,moex
YDEX,2026-07-18 08:25:00,2026-07-18 09:10:00,SHORT,2026-07-18 10:45:00,3250.75,3275.8761,3187.9347,3184.9698,2026-07-19 09:20:00,3275.8761,INITIAL_STOP,-1.142,0.0,True,False,moex
YDEX,2026-07-20 10:45:00,2026-07-20 11:15:00,LONG,2026-07-20 11:26:00,3304.0,3284.044,3353.89,3356.2448,2026-07-20 12:00:00,3356.2448,GRID_B_FULL_TP,2.377,2.559,False,False,moex
YDEX,2026-07-22 05:55:00,2026-07-22 06:20:00,LONG,2026-07-22 06:29:00,3558.75,3531.1619,3627.7203,3630.9757,2026-07-22 09:02:00,3630.9757,GRID_B_FULL_TP,2.417,2.559,False,False,moex
YDEX,2026-08-04 04:00:00,2026-08-04 04:30:00,SHORT,2026-08-04 04:44:00,3971.75,3994.9576,3913.7309,3910.9924,2026-08-05 06:16:00,3994.9576,INITIAL_STOP,-1.188,0.0,False,False,moex
YDEX,2026-08-14 07:10:00,2026-08-14 07:40:00,SHORT,2026-08-14 07:46:00,3857.5,3873.7862,3816.7844,3814.8626,2026-08-14 08:47:00,3814.8626,GRID_B_FULL_TP,2.298,2.559,True,False,moex
YDEX,2026-08-24 14:55:00,2026-08-24 15:10:00,SHORT,2026-08-24 15:27:00,3484.5,3517.7267,3401.4331,3397.5124,2026-08-25 04:17:00,3517.7267,INITIAL_STOP,-1.115,0.0,True,False,moex
YDEX,2026-08-26 05:15:00,2026-08-26 05:35:00,LONG,2026-08-26 05:58:00,3533.0,3519.7005,3566.2488,3567.8181,2026-08-26 09:59:00,3536.8863,BE_STOP,0.958,1.25,False,False,moex
