symbol,sweep_time,confirm_time,dir,fill_time,fill_price,stop,target_tp1,target_tp2,exit_time,exit_price,outcome,R,banked_r,is_asian_sweep,has_smt,market,timeframe_cascade
SOL/USDT,2025-09-26 23:30:00,2025-09-27 01:30:00,SHORT,2025-09-27 01:51:00,204.23,205.8263,202.6337,201.6471,2025-09-27 07:45:00,201.6471,GRID_B_FULL_TP,1.084,1.309,True,False,CRYPTO,4H/15M
SOL/USDT,2025-10-04 15:15:00,2025-10-04 17:15:00,LONG,2025-10-04 17:43:00,225.85,223.7312,227.9688,229.2782,2025-10-05 02:31:00,229.2782,GRID_B_FULL_TP,1.121,1.309,True,False,CRYPTO,4H/15M
SOL/USDT,2025-10-14 00:15:00,2025-10-14 01:00:00,SHORT,2025-10-14 01:21:00,209.53,211.5643,207.4957,206.2385,2025-10-14 02:19:00,206.2385,GRID_B_FULL_TP,1.128,1.309,False,False,CRYPTO,4H/15M
SOL/USDT,2025-10-15 08:30:00,2025-10-15 10:45:00,SHORT,2025-10-15 11:07:00,204.565,209.2168,199.9132,197.0383,2025-10-15 14:10:00,204.205,BE_STOP,0.423,0.5,True,False,CRYPTO,4H/15M
SOL/USDT,2025-11-06 14:00:00,2025-11-06 14:30:00,SHORT,2025-11-06 14:47:00,158.955,161.7484,156.1616,154.4352,2025-11-06 16:42:00,154.4352,GRID_B_FULL_TP,1.209,1.309,False,False,CRYPTO,4H/15M
SOL/USDT,2025-11-15 17:15:00,2025-11-15 18:30:00,SHORT,2025-11-15 19:08:00,142.885,144.9043,140.8657,139.6177,2025-11-15 21:40:00,139.6177,GRID_B_FULL_TP,1.184,1.309,True,False,CRYPTO,4H/15M
SOL/USDT,2025-12-03 14:00:00,2025-12-03 17:45:00,LONG,2025-12-03 18:17:00,141.37,138.5679,144.1721,145.9037,2025-12-03 21:59:00,145.9037,GRID_B_FULL_TP,1.22,1.309,False,False,CRYPTO,4H/15M
SOL/USDT,2025-12-12 06:00:00,2025-12-12 06:45:00,SHORT,2025-12-12 07:00:00,139.185,140.3288,138.0412,137.3344,2025-12-12 09:29:00,137.3344,GRID_B_FULL_TP,1.095,1.309,True,False,CRYPTO,4H/15M
SOL/USDT,2026-01-05 13:30:00,2026-01-05 15:45:00,LONG,2026-01-05 16:06:00,135.57,132.9766,138.1634,139.766,2026-01-05 20:29:00,139.766,GRID_B_FULL_TP,1.217,1.309,True,False,CRYPTO,4H/15M
SOL/USDT,2026-02-20 00:15:00,2026-02-20 04:15:00,SHORT,2026-02-20 04:40:00,82.955,83.6644,82.2456,81.8071,2026-02-20 05:34:00,83.6644,INITIAL_STOP,-1.206,0.0,False,False,CRYPTO,4H/15M
SOL/USDT,2026-02-20 10:00:00,2026-02-20 11:00:00,SHORT,2026-02-20 11:31:00,84.23,84.9663,83.4937,83.0386,2026-02-20 13:23:00,83.0386,GRID_B_FULL_TP,1.108,1.309,True,False,CRYPTO,4H/15M
SOL/USDT,2026-02-23 09:30:00,2026-02-23 11:45:00,SHORT,2026-02-23 12:08:00,80.22,80.8103,79.6297,79.2648,2026-02-23 12:37:00,80.8103,INITIAL_STOP,-1.239,0.0,False,False,CRYPTO,4H/15M
SOL/USDT,2026-02-25 01:00:00,2026-02-25 03:30:00,SHORT,2026-02-25 04:24:00,82.085,83.1131,81.0569,80.4215,2026-02-25 07:12:00,81.9405,BE_STOP,0.359,0.5,False,False,CRYPTO,4H/15M
SOL/USDT,2026-02-25 01:15:00,2026-02-25 03:30:00,SHORT,2026-02-25 04:24:00,82.085,83.1131,81.0569,80.4215,2026-02-25 07:12:00,81.9405,BE_STOP,0.359,0.5,False,False,CRYPTO,4H/15M
SOL/USDT,2026-04-19 22:00:00,2026-04-20 01:45:00,LONG,2026-04-20 02:01:00,84.265,82.8136,85.7164,86.6134,2026-04-21 14:39:00,86.6134,GRID_B_FULL_TP,1.207,1.309,True,False,CRYPTO,4H/15M
SOL/USDT,2026-06-23 08:15:00,2026-06-23 09:15:00,LONG,2026-06-23 09:41:00,68.815,68.0668,69.5632,70.0256,2026-06-24 01:31:00,70.0256,GRID_B_FULL_TP,1.147,1.309,False,False,CRYPTO,4H/15M
SOL/USDT,2026-08-23 05:15:00,2026-08-23 07:15:00,LONG,2026-08-23 07:31:00,92.6,91.4111,93.7889,94.5236,2026-08-23 11:24:00,94.5236,GRID_B_FULL_TP,1.172,1.309,False,False,CRYPTO,4H/15M
BNB/USDT,2025-10-22 13:45:00,2025-10-22 17:45:00,SHORT,2025-10-22 19:05:00,1071.945,1085.4079,1058.4821,1050.162,2025-10-22 23:26:00,1070.0584,BE_STOP,0.36,0.5,True,False,CRYPTO,4H/15M
BNB/USDT,2025-11-07 03:00:00,2025-11-07 06:45:00,SHORT,2025-11-07 07:08:00,967.2,977.7808,956.6192,950.0803,2025-11-07 10:50:00,950.0803,GRID_B_FULL_TP,1.148,1.309,False,False,CRYPTO,4H/15M
BNB/USDT,2025-12-02 01:00:00,2025-12-02 03:00:00,SHORT,2025-12-02 03:55:00,828.97,835.2435,822.6965,818.8195,2025-12-02 09:48:00,835.2435,INITIAL_STOP,-1.233,0.0,False,False,CRYPTO,4H/15M
BNB/USDT,2026-01-07 19:15:00,2026-01-07 19:45:00,LONG,2026-01-07 20:18:00,895.32,891.297,899.343,901.8292,2026-01-07 22:51:00,896.8958,BE_STOP,0.108,0.5,True,False,CRYPTO,4H/15M
BNB/USDT,2026-01-14 10:30:00,2026-01-14 12:15:00,LONG,2026-01-14 13:48:00,931.845,927.1022,936.5878,939.5188,2026-01-14 14:38:00,939.5188,GRID_B_FULL_TP,0.963,1.309,True,False,CRYPTO,4H/15M
BNB/USDT,2026-02-12 23:15:00,2026-02-13 00:30:00,SHORT,2026-02-13 01:07:00,613.205,617.5598,608.8502,606.1589,2026-02-13 04:58:00,606.1589,GRID_B_FULL_TP,1.061,1.309,False,False,CRYPTO,4H/15M
BNB/USDT,2026-02-25 21:30:00,2026-02-25 22:30:00,SHORT,2026-02-25 23:08:00,634.465,641.5017,627.4283,623.0796,2026-02-26 00:22:00,633.3483,BE_STOP,0.341,0.5,True,False,CRYPTO,4H/15M
BNB/USDT,2026-03-09 03:00:00,2026-03-09 05:00:00,SHORT,2026-03-09 05:21:00,624.215,629.1763,619.2537,616.1876,2026-03-09 05:49:00,629.1763,INITIAL_STOP,-1.221,0.0,False,False,CRYPTO,4H/15M
BNB/USDT,2026-03-09 15:45:00,2026-03-09 17:30:00,SHORT,2026-03-09 19:22:00,638.7,642.668,634.732,632.2797,2026-03-09 19:30:00,642.668,INITIAL_STOP,-1.283,0.0,True,False,CRYPTO,4H/15M
BNB/USDT,2026-06-07 07:00:00,2026-06-07 09:45:00,SHORT,2026-06-07 11:06:00,594.615,599.8919,589.3381,586.0769,2026-06-07 12:34:00,586.0769,GRID_B_FULL_TP,1.111,1.309,True,False,CRYPTO,4H/15M
BNB/USDT,2026-06-07 22:00:00,2026-06-08 01:15:00,SHORT,2026-06-08 01:56:00,603.94,611.4459,596.4341,591.7954,2026-06-08 05:42:00,591.7954,GRID_B_FULL_TP,1.167,1.309,True,False,CRYPTO,4H/15M
BNB/USDT,2026-06-07 22:15:00,2026-06-08 01:15:00,SHORT,2026-06-08 01:56:00,603.94,611.4459,596.4341,591.7954,2026-06-08 05:42:00,591.7954,GRID_B_FULL_TP,1.167,1.309,True,False,CRYPTO,4H/15M
BNB/USDT,2026-06-10 13:30:00,2026-06-10 16:45:00,SHORT,2026-06-10 17:02:00,593.44,599.4102,587.4698,583.7803,2026-06-10 21:50:00,583.7803,GRID_B_FULL_TP,1.134,1.309,True,False,CRYPTO,4H/15M
BNB/USDT,2026-08-28 18:30:00,2026-08-28 19:15:00,LONG,2026-08-28 19:49:00,688.75,684.5669,692.9331,695.5183,2026-08-30 12:12:00,695.5183,GRID_B_FULL_TP,1.019,1.309,True,False,CRYPTO,4H/15M
BNB/USDT,2026-09-07 15:30:00,2026-09-07 16:45:00,LONG,2026-09-07 18:33:00,738.85,732.1917,745.5083,749.6231,2026-09-08 05:19:00,749.6231,GRID_B_FULL_TP,1.114,1.309,True,False,CRYPTO,4H/15M
DOGE/USDT,2025-09-24 13:30:00,2025-09-24 16:00:00,SHORT,2025-09-24 16:21:00,0.2462,0.2509,0.2414,0.2385,2025-09-25 01:38:00,0.2385,GRID_B_FULL_TP,1.218,1.309,True,False,CRYPTO,4H/15M
DOGE/USDT,2025-10-13 06:30:00,2025-10-13 08:00:00,SHORT,2025-10-13 08:30:00,0.2111,0.2131,0.2091,0.2079,2025-10-13 11:01:00,0.2079,GRID_B_FULL_TP,1.121,1.309,True,False,CRYPTO,4H/15M
DOGE/USDT,2025-11-10 15:45:00,2025-11-10 17:45:00,LONG,2025-11-10 18:05:00,0.1794,0.177,0.1819,0.1835,2025-11-10 22:51:00,0.1835,GRID_B_FULL_TP,1.182,1.309,True,False,CRYPTO,4H/15M
DOGE/USDT,2025-11-18 19:30:00,2025-11-18 21:45:00,SHORT,2025-11-18 22:02:00,0.1612,0.1632,0.1592,0.1579,2025-11-19 05:22:00,0.1579,GRID_B_FULL_TP,1.167,1.309,True,False,CRYPTO,4H/15M
DOGE/USDT,2025-11-25 23:15:00,2025-11-25 23:45:00,SHORT,2025-11-26 01:42:00,0.1539,0.1553,0.1525,0.1517,2025-11-26 03:00:00,0.1517,GRID_B_FULL_TP,1.112,1.309,True,False,CRYPTO,4H/15M
DOGE/USDT,2025-12-29 02:00:00,2025-12-29 06:00:00,SHORT,2025-12-29 06:16:00,0.1271,0.1282,0.1259,0.1252,2025-12-29 09:37:00,0.1252,GRID_B_FULL_TP,1.115,1.309,False,False,CRYPTO,4H/15M
DOGE/USDT,2025-12-30 10:00:00,2025-12-30 12:45:00,SHORT,2025-12-30 13:41:00,0.1242,0.1254,0.123,0.1223,2025-12-31 15:12:00,0.1223,GRID_B_FULL_TP,1.127,1.309,True,False,CRYPTO,4H/15M
DOGE/USDT,2026-02-12 06:15:00,2026-02-12 08:30:00,SHORT,2026-02-12 09:11:00,0.0928,0.0933,0.0924,0.092,2026-02-12 09:33:00,0.0933,INITIAL_STOP,-1.327,0.0,True,False,CRYPTO,4H/15M
DOGE/USDT,2026-03-01 01:45:00,2026-03-01 03:15:00,SHORT,2026-03-01 03:35:00,0.0968,0.098,0.0956,0.0948,2026-03-01 06:10:00,0.0948,GRID_B_FULL_TP,1.171,1.309,False,False,CRYPTO,4H/15M
DOGE/USDT,2026-03-01 02:00:00,2026-03-01 03:15:00,SHORT,2026-03-01 03:35:00,0.0968,0.098,0.0956,0.0948,2026-03-01 06:10:00,0.0948,GRID_B_FULL_TP,1.171,1.309,False,False,CRYPTO,4H/15M
DOGE/USDT,2026-04-18 18:30:00,2026-04-18 20:45:00,LONG,2026-04-18 21:05:00,0.0949,0.094,0.0959,0.0964,2026-04-19 07:20:00,0.094,INITIAL_STOP,-1.176,0.0,True,False,CRYPTO,4H/15M
DOGE/USDT,2026-08-24 17:15:00,2026-08-24 18:00:00,LONG,2026-08-24 19:05:00,0.0889,0.0878,0.09,0.0907,2026-08-25 00:40:00,0.0907,GRID_B_FULL_TP,1.166,1.309,True,False,CRYPTO,4H/15M
DOGE/USDT,2026-09-04 00:45:00,2026-09-04 03:00:00,LONG,2026-09-04 04:02:00,0.0871,0.0865,0.0878,0.0882,2026-09-04 09:17:00,0.0882,GRID_B_FULL_TP,1.072,1.309,False,False,CRYPTO,4H/15M
ADA/USDT,2025-09-24 14:45:00,2025-09-24 16:00:00,SHORT,2025-09-24 16:40:00,0.8231,0.8316,0.8146,0.8093,2025-09-25 00:25:00,0.8093,GRID_B_FULL_TP,1.139,1.309,True,False,CRYPTO,4H/15M
ADA/USDT,2025-10-20 06:00:00,2025-10-20 07:45:00,SHORT,2025-10-20 08:31:00,0.6705,0.677,0.6641,0.6601,2025-10-20 12:34:00,0.6694,BE_STOP,0.317,0.5,True,False,CRYPTO,4H/15M
ADA/USDT,2025-11-07 07:45:00,2025-11-07 09:30:00,SHORT,2025-11-07 10:03:00,0.5429,0.5507,0.5351,0.5303,2025-11-07 11:12:00,0.5303,GRID_B_FULL_TP,1.187,1.309,True,False,CRYPTO,4H/15M
ADA/USDT,2025-11-11 10:00:00,2025-11-11 10:45:00,LONG,2025-11-11 12:35:00,0.5785,0.5738,0.5831,0.5859,2025-11-11 14:03:00,0.5738,INITIAL_STOP,-1.22,0.0,True,False,CRYPTO,4H/15M
ADA/USDT,2025-11-21 17:00:00,2025-11-21 18:00:00,SHORT,2025-11-21 18:48:00,0.4142,0.4183,0.4101,0.4075,2025-11-21 20:05:00,0.4075,GRID_B_FULL_TP,1.132,1.309,True,False,CRYPTO,4H/15M
ADA/USDT,2025-11-24 17:15:00,2025-11-24 21:15:00,SHORT,2025-11-24 22:07:00,0.432,0.4348,0.4291,0.4273,2025-11-25 00:01:00,0.4273,GRID_B_FULL_TP,1.047,1.309,True,False,CRYPTO,4H/15M
ADA/USDT,2025-11-25 23:00:00,2025-11-26 02:30:00,SHORT,2025-11-26 03:23:00,0.4257,0.4292,0.4222,0.42,2025-11-26 04:08:00,0.42,GRID_B_FULL_TP,1.097,1.309,True,False,CRYPTO,4H/15M
ADA/USDT,2025-12-04 14:45:00,2025-12-04 15:45:00,LONG,2025-12-04 16:05:00,0.4465,0.4389,0.4541,0.4587,2025-12-04 19:13:00,0.4389,INITIAL_STOP,-1.104,0.0,True,False,CRYPTO,4H/15M
ADA/USDT,2026-07-08 14:30:00,2026-07-08 16:15:00,LONG,2026-07-08 17:45:00,0.1663,0.1647,0.1678,0.1688,2026-07-09 07:47:00,0.1688,GRID_B_FULL_TP,1.126,1.309,True,False,CRYPTO,4H/15M
XRP/USDT,2025-09-22 12:45:00,2025-09-22 16:45:00,SHORT,2025-09-22 17:05:00,2.8535,2.8789,2.8281,2.8124,2025-09-22 21:38:00,2.8485,BE_STOP,0.302,0.5,True,False,CRYPTO,4H/15M
XRP/USDT,2025-10-14 15:45:00,2025-10-14 19:45:00,SHORT,2025-10-14 20:01:00,2.4928,2.5399,2.4456,2.4164,2025-10-15 08:32:00,2.5399,INITIAL_STOP,-1.093,0.0,True,False,CRYPTO,4H/15M
XRP/USDT,2025-10-16 02:00:00,2025-10-16 04:45:00,SHORT,2025-10-16 05:35:00,2.4224,2.439,2.4059,2.3956,2025-10-16 06:29:00,2.4182,BE_STOP,0.243,0.5,False,False,CRYPTO,4H/15M
XRP/USDT,2025-10-18 12:00:00,2025-10-18 15:30:00,SHORT,2025-10-18 16:03:00,2.3536,2.395,2.3122,2.2866,2025-10-19 11:09:00,2.395,INITIAL_STOP,-1.1,0.0,True,False,CRYPTO,4H/15M
XRP/USDT,2025-11-17 14:30:00,2025-11-17 16:00:00,SHORT,2025-11-17 16:51:00,2.2128,2.311,2.1146,2.0539,2025-11-18 15:20:00,2.2089,BE_STOP,0.46,0.5,True,False,CRYPTO,4H/15M
XRP/USDT,2025-11-18 19:15:00,2025-11-18 19:45:00,SHORT,2025-11-18 20:00:00,2.2324,2.2432,2.2216,2.2148,2025-11-18 21:10:00,2.2285,BE_STOP,0.138,0.5,True,False,CRYPTO,4H/15M
XRP/USDT,2025-11-24 17:00:00,2025-11-24 21:00:00,SHORT,2025-11-24 21:25:00,2.2541,2.2902,2.218,2.1957,2025-11-25 08:49:00,2.1957,GRID_B_FULL_TP,1.199,1.309,True,False,CRYPTO,4H/15M
XRP/USDT,2025-11-24 17:15:00,2025-11-24 21:00:00,SHORT,2025-11-24 21:25:00,2.2541,2.2902,2.218,2.1957,2025-11-25 08:49:00,2.1957,GRID_B_FULL_TP,1.199,1.309,True,False,CRYPTO,4H/15M
XRP/USDT,2025-11-24 20:00:00,2025-11-24 21:00:00,SHORT,2025-11-24 21:25:00,2.2541,2.2902,2.218,2.1957,2025-11-25 08:49:00,2.1957,GRID_B_FULL_TP,1.199,1.309,True,False,CRYPTO,4H/15M
XRP/USDT,2026-02-18 14:45:00,2026-02-18 15:45:00,LONG,2026-02-18 16:02:00,1.4728,1.4499,1.4957,1.5099,2026-02-18 18:19:00,1.4499,INITIAL_STOP,-1.113,0.0,True,False,CRYPTO,4H/15M
XRP/USDT,2026-06-07 22:00:00,2026-06-08 01:15:00,SHORT,2026-06-08 01:56:00,1.1566,1.1736,1.1396,1.129,2026-06-08 11:15:00,1.1546,BE_STOP,0.381,0.5,True,False,CRYPTO,4H/15M
XRP/USDT,2026-06-10 13:30:00,2026-06-10 14:15:00,SHORT,2026-06-10 15:01:00,1.1288,1.1393,1.1183,1.1118,2026-06-10 16:47:00,1.1118,GRID_B_FULL_TP,1.12,1.309,False,False,CRYPTO,4H/15M
SBER,2025-09-22 05:10:00,2025-09-22 05:30:00,SHORT,2025-09-22 05:53:00,296.195,296.9743,294.2468,294.1548,2025-09-22 07:21:00,294.1548,GRID_B_FULL_TP,2.141,2.559,False,False,MOEX,1H/5M
SBER,2025-09-22 11:50:00,2025-09-22 12:15:00,SHORT,2025-09-22 12:20:00,295.34,296.743,291.8325,291.6669,2025-09-22 14:45:00,296.743,INITIAL_STOP,-1.232,0.0,True,False,MOEX,1H/5M
SBER,2025-09-26 04:05:00,2025-09-26 04:40:00,SHORT,2025-09-26 05:16:00,290.055,291.4651,286.5298,286.3634,2025-09-26 10:22:00,291.4651,INITIAL_STOP,-1.226,0.0,False,False,MOEX,1H/5M
SBER,2025-10-04 23:00:00,2025-10-05 00:10:00,SHORT,2025-10-05 00:18:00,280.54,281.8908,277.163,277.0036,2025-10-05 15:35:00,281.8908,INITIAL_STOP,-1.228,0.0,True,False,MOEX,1H/5M
SBER,2025-10-20 06:00:00,2025-10-20 06:40:00,LONG,2025-10-20 06:53:00,303.515,302.6347,305.7157,305.8196,2025-10-20 07:36:00,305.8196,GRID_B_FULL_TP,2.18,2.559,True,False,MOEX,1H/5M
SBER,2025-10-24 04:50:00,2025-10-24 05:40:00,SHORT,2025-10-24 05:49:00,292.475,293.5687,289.7407,289.6117,2025-10-24 07:28:00,289.6117,GRID_B_FULL_TP,2.265,2.559,False,False,MOEX,1H/5M
SBER,2025-10-24 10:10:00,2025-10-24 10:45:00,SHORT,2025-10-24 12:16:00,289.23,295.3638,273.8954,273.1716,2025-10-26 20:21:00,287.1,TIMEOUT,0.295,0.0,True,False,MOEX,1H/5M
SBER,2025-10-24 10:30:00,2025-10-24 10:45:00,SHORT,2025-10-24 12:16:00,289.23,295.3638,273.8954,273.1716,2025-10-26 20:21:00,287.1,TIMEOUT,0.295,0.0,True,False,MOEX,1H/5M
SBER,2025-10-28 20:30:00,2025-10-29 03:55:00,LONG,2025-10-29 04:00:00,289.855,288.2352,293.9045,294.0956,2025-10-29 06:30:00,288.2352,INITIAL_STOP,-1.197,0.0,True,False,MOEX,1H/5M
SBER,2025-11-07 18:25:00,2025-11-07 18:45:00,LONG,2025-11-07 18:50:00,296.195,295.5557,297.7932,297.8687,2025-11-07 23:49:00,297.8687,GRID_B_FULL_TP,2.049,2.559,True,False,MOEX,1H/5M
SBER,2025-11-28 10:15:00,2025-11-28 10:35:00,SHORT,2025-11-28 10:59:00,301.755,302.5526,299.7609,299.6668,2025-11-28 11:15:00,302.5526,INITIAL_STOP,-1.416,0.0,True,False,MOEX,1H/5M
SBER,2025-12-24 06:15:00,2025-12-24 07:30:00,LONG,2025-12-24 07:40:00,300.365,299.5495,302.4039,302.5001,2025-12-24 08:13:00,299.5495,INITIAL_STOP,-1.405,0.0,True,False,MOEX,1H/5M
SBER,2026-01-19 13:45:00,2026-01-19 14:00:00,LONG,2026-01-19 14:08:00,303.39,301.9449,307.0027,307.1732,2026-01-22 12:23:00,306.84,TIMEOUT,2.156,0.0,True,False,MOEX,1H/5M
SBER,2026-02-27 11:50:00,2026-02-27 12:45:00,SHORT,2026-02-27 13:13:00,315.035,316.2626,311.9661,311.8213,2026-02-28 00:01:00,316.2626,INITIAL_STOP,-1.282,0.0,False,False,MOEX,1H/5M
SBER,2026-03-09 04:05:00,2026-03-09 04:45:00,LONG,2026-03-09 05:05:00,316.4,311.6854,328.1865,328.7428,2026-03-11 20:11:00,314.91,TIMEOUT,-0.39,0.0,False,False,MOEX,1H/5M
SBER,2026-03-09 19:10:00,2026-03-09 19:40:00,LONG,2026-03-10 04:04:00,315.905,314.5161,319.3771,319.541,2026-03-10 14:29:00,314.5161,INITIAL_STOP,-1.25,0.0,False,False,MOEX,1H/5M
SBER,2026-03-10 09:35:00,2026-03-10 10:00:00,LONG,2026-03-10 10:19:00,318.125,316.8728,321.2555,321.4032,2026-03-10 12:10:00,316.8728,INITIAL_STOP,-1.279,0.0,True,False,MOEX,1H/5M
SBER,2026-03-18 20:15:00,2026-03-19 03:55:00,LONG,2026-03-19 04:00:00,320.7,319.519,323.6526,323.792,2026-03-19 12:05:00,319.519,INITIAL_STOP,-1.299,0.0,False,False,MOEX,1H/5M
SBER,2026-05-27 07:10:00,2026-05-27 07:45:00,SHORT,2026-05-27 07:54:00,320.67,322.381,316.3925,316.1906,2026-05-27 11:25:00,322.381,INITIAL_STOP,-1.206,0.0,True,False,MOEX,1H/5M
SBER,2026-06-02 07:10:00,2026-06-02 07:40:00,LONG,2026-06-02 09:00:00,322.995,321.6855,326.2687,326.4233,2026-06-02 14:38:00,326.4233,GRID_B_FULL_TP,2.288,2.559,True,False,MOEX,1H/5M
SBER,2026-06-03 07:35:00,2026-06-03 08:50:00,LONG,2026-06-03 09:00:00,325.22,324.0622,328.1146,328.2512,2026-06-03 14:55:00,324.0622,INITIAL_STOP,-1.309,0.0,True,False,MOEX,1H/5M
SBER,2026-07-01 08:00:00,2026-07-01 08:45:00,LONG,2026-07-01 09:10:00,307.665,306.5385,310.4812,310.6142,2026-07-01 09:23:00,310.6142,GRID_B_FULL_TP,2.259,2.559,True,False,MOEX,1H/5M
SBER,2026-07-07 04:00:00,2026-07-07 04:15:00,SHORT,2026-07-07 05:06:00,298.43,299.9176,294.7109,294.5353,2026-07-07 07:46:00,294.5353,GRID_B_FULL_TP,2.338,2.559,False,False,MOEX,1H/5M
SBER,2026-07-07 17:10:00,2026-07-07 18:10:00,SHORT,2026-07-07 18:38:00,297.9,298.9468,295.2829,295.1593,2026-07-07 20:00:00,298.9468,INITIAL_STOP,-1.313,0.0,False,False,MOEX,1H/5M
SBER,2026-08-17 13:30:00,2026-08-17 13:45:00,SHORT,2026-08-17 14:06:00,272.13,273.3882,268.9845,268.836,2026-08-18 08:42:00,273.3882,INITIAL_STOP,-1.238,0.0,False,False,MOEX,1H/5M
SBER,2026-08-21 07:05:00,2026-08-21 07:20:00,SHORT,2026-08-21 08:39:00,271.27,272.4069,268.4277,268.2936,2026-08-21 08:41:00,272.4069,INITIAL_STOP,-1.262,0.0,True,False,MOEX,1H/5M
SBER,2026-08-25 07:40:00,2026-08-25 07:55:00,LONG,2026-08-25 08:10:00,269.12,268.0963,271.6792,271.8,2026-08-25 08:22:00,268.0963,INITIAL_STOP,-1.289,0.0,True,False,MOEX,1H/5M
SBER,2026-08-25 08:20:00,2026-08-25 08:55:00,LONG,2026-08-25 09:40:00,269.26,267.5961,273.4197,273.6161,2026-08-25 14:47:00,273.6161,GRID_B_FULL_TP,2.381,2.559,True,False,MOEX,1H/5M
SBER,2026-09-05 01:40:00,2026-09-05 02:35:00,LONG,2026-09-05 02:53:00,281.315,279.438,286.0074,286.2289,2026-09-06 07:51:00,279.438,INITIAL_STOP,-1.165,0.0,False,False,MOEX,1H/5M
GAZP,2025-10-13 12:05:00,2025-10-13 12:30:00,SHORT,2025-10-13 12:40:00,116.715,117.4351,114.9148,114.8299,2025-10-14 13:11:00,114.8299,GRID_B_FULL_TP,2.381,2.559,True,False,MOEX,1H/5M
GAZP,2025-10-19 07:50:00,2025-10-19 08:05:00,LONG,2025-10-19 08:10:00,125.685,125.1415,127.0438,127.108,2025-10-19 13:18:00,125.1415,INITIAL_STOP,-1.254,0.0,True,False,MOEX,1H/5M
GAZP,2025-10-19 13:05:00,2025-10-19 14:20:00,LONG,2025-10-19 14:52:00,125.37,124.9119,126.5151,126.5692,2025-10-19 20:36:00,126.5692,GRID_B_FULL_TP,2.258,2.559,True,False,MOEX,1H/5M
GAZP,2025-11-24 04:05:00,2025-11-24 04:50:00,SHORT,2025-11-24 04:57:00,129.2,130.1938,126.7155,126.5982,2025-11-24 08:58:00,126.5982,GRID_B_FULL_TP,2.416,2.559,False,False,MOEX,1H/5M
GAZP,2025-11-28 09:25:00,2025-11-28 10:35:00,SHORT,2025-11-28 10:50:00,125.46,125.9282,124.2895,124.2343,2025-11-28 13:41:00,125.9282,INITIAL_STOP,-1.295,0.0,True,False,MOEX,1H/5M
GAZP,2025-12-24 07:05:00,2025-12-24 07:30:00,LONG,2025-12-24 07:40:00,124.855,124.1727,126.5607,126.6412,2025-12-25 07:33:00,124.1727,INITIAL_STOP,-1.201,0.0,True,False,MOEX,1H/5M
GAZP,2026-01-28 09:05:00,2026-01-28 10:15:00,LONG,2026-01-28 10:23:00,127.89,127.3882,129.1446,129.2038,2026-01-28 12:05:00,127.3882,INITIAL_STOP,-1.28,0.0,True,False,MOEX,1H/5M
GAZP,2026-04-07 04:30:00,2026-04-07 04:40:00,LONG,2026-04-07 04:57:00,133.23,132.6102,134.7796,134.8528,2026-04-07 08:10:00,134.8528,GRID_B_FULL_TP,2.323,2.559,False,False,MOEX,1H/5M
GAZP,2026-04-15 12:00:00,2026-04-15 12:30:00,SHORT,2026-04-15 14:29:00,128.335,128.8725,126.9912,126.9278,2026-04-15 14:41:00,128.8725,INITIAL_STOP,-1.263,0.0,True,False,MOEX,1H/5M
GAZP,2026-05-11 20:45:00,2026-05-12 04:05:00,SHORT,2026-05-12 04:15:00,120.6,121.0609,119.4478,119.3934,2026-05-12 07:10:00,121.0609,INITIAL_STOP,-1.288,0.0,True,False,MOEX,1H/5M
GAZP,2026-05-13 08:10:00,2026-05-13 08:40:00,LONG,2026-05-13 08:51:00,123.585,122.9446,125.1859,125.2615,2026-05-14 12:12:00,122.9446,INITIAL_STOP,-1.212,0.0,True,False,MOEX,1H/5M
GAZP,2026-05-27 07:10:00,2026-05-27 07:25:00,SHORT,2026-05-27 08:56:00,115.87,116.4038,114.5355,114.4725,2026-05-27 10:35:00,116.4038,INITIAL_STOP,-1.239,0.0,True,False,MOEX,1H/5M
GAZP,2026-07-03 06:15:00,2026-07-03 07:05:00,SHORT,2026-07-03 07:16:00,97.575,98.3164,95.7216,95.6341,2026-07-03 11:36:00,98.3164,INITIAL_STOP,-1.145,0.0,True,False,MOEX,1H/5M
GAZP,2026-07-03 11:25:00,2026-07-03 12:05:00,SHORT,2026-07-03 12:27:00,98.14,98.6472,96.872,96.8121,2026-07-03 14:25:00,96.8121,GRID_B_FULL_TP,2.346,2.559,True,False,MOEX,1H/5M
GAZP,2026-07-08 05:05:00,2026-07-08 05:40:00,SHORT,2026-07-08 05:54:00,94.77,95.5222,92.8896,92.8009,2026-07-08 08:30:00,94.6658,BE_STOP,1.111,1.25,False,False,MOEX,1H/5M
GAZP,2026-07-13 15:10:00,2026-07-13 16:15:00,LONG,2026-07-13 16:20:00,93.415,92.9099,94.6778,94.7374,2026-07-13 19:31:00,94.7374,GRID_B_FULL_TP,2.356,2.559,False,False,MOEX,1H/5M
GAZP,2026-07-25 08:20:00,2026-07-25 08:40:00,LONG,2026-07-25 09:49:00,93.155,92.6603,94.3918,94.4502,2026-07-26 07:09:00,92.6603,INITIAL_STOP,-1.207,0.0,True,False,MOEX,1H/5M
GAZP,2026-08-14 07:15:00,2026-08-14 07:40:00,SHORT,2026-08-14 07:52:00,89.235,89.8839,87.6129,87.5363,2026-08-14 09:36:00,87.5363,GRID_B_FULL_TP,2.408,2.559,True,False,MOEX,1H/5M
GAZP,2026-08-17 18:15:00,2026-08-17 19:20:00,SHORT,2026-08-17 19:48:00,83.345,83.625,82.645,82.6119,2026-08-18 04:00:00,83.625,INITIAL_STOP,-1.327,0.0,False,False,MOEX,1H/5M
GAZP,2026-08-18 05:00:00,2026-08-18 05:55:00,SHORT,2026-08-18 06:04:00,83.84,84.4958,82.2006,82.1232,2026-08-18 08:42:00,84.4958,INITIAL_STOP,-1.141,0.0,False,False,MOEX,1H/5M
GAZP,2026-08-24 14:50:00,2026-08-24 15:10:00,SHORT,2026-08-24 15:20:00,83.405,84.1151,81.6297,81.5459,2026-08-25 04:17:00,84.1151,INITIAL_STOP,-1.129,0.0,True,False,MOEX,1H/5M
GAZP,2026-08-24 14:55:00,2026-08-24 15:10:00,SHORT,2026-08-24 15:20:00,83.405,84.1151,81.6297,81.5459,2026-08-25 04:17:00,84.1151,INITIAL_STOP,-1.129,0.0,True,False,MOEX,1H/5M
GAZP,2026-08-26 07:00:00,2026-08-26 08:10:00,LONG,2026-08-26 10:00:00,84.09,83.7739,84.8803,84.9176,2026-08-26 10:01:00,83.7739,INITIAL_STOP,-1.293,0.0,True,False,MOEX,1H/5M
GAZP,2026-09-08 14:20:00,2026-09-08 15:35:00,LONG,2026-09-08 16:18:00,90.745,90.2239,92.0478,92.1093,2026-09-09 05:40:00,90.2239,INITIAL_STOP,-1.192,0.0,True,False,MOEX,1H/5M
LKOH,2025-09-17 12:20:00,2025-09-17 13:35:00,LONG,2025-09-17 13:50:00,6351.5,6326.4728,6414.0681,6417.0213,2025-09-18 12:00:00,6326.4728,INITIAL_STOP,-1.279,0.0,True,False,MOEX,1H/5M
LKOH,2025-09-20 23:00:00,2025-09-21 00:40:00,SHORT,2025-09-21 01:20:00,6242.75,6284.3641,6138.7147,6133.8042,2025-09-22 15:08:00,6235.883,BE_STOP,1.085,1.25,True,False,MOEX,1H/5M
LKOH,2025-09-22 11:50:00,2025-09-22 12:40:00,SHORT,2025-09-22 12:50:00,6190.5,6240.7858,6064.7856,6058.8519,2025-09-22 17:50:00,6240.7858,INITIAL_STOP,-1.135,0.0,True,False,MOEX,1H/5M
LKOH,2025-10-03 07:05:00,2025-10-03 08:25:00,SHORT,2025-10-03 08:37:00,6053.0,6069.0795,6012.8013,6010.9039,2025-10-03 09:50:00,6010.9039,GRID_B_FULL_TP,2.145,2.559,True,False,MOEX,1H/5M
LKOH,2025-10-06 20:45:00,2025-10-07 04:10:00,LONG,2025-10-07 04:21:00,6105.0,6072.8425,6185.3938,6189.1883,2025-10-08 09:31:00,6072.8425,INITIAL_STOP,-1.209,0.0,True,False,MOEX,1H/5M
LKOH,2025-10-17 05:15:00,2025-10-17 05:45:00,LONG,2025-10-17 06:19:00,6150.0,6120.775,6223.0625,6226.5111,2025-10-17 07:28:00,6226.5111,GRID_B_FULL_TP,2.328,2.559,False,False,MOEX,1H/5M
LKOH,2025-10-24 10:30:00,2025-10-24 11:20:00,SHORT,2025-10-24 11:27:00,5689.25,5807.5339,5393.5403,5379.5828,2025-10-27 07:51:00,5379.5828,GRID_B_FULL_TP,2.506,2.559,True,False,MOEX,1H/5M
LKOH,2025-10-28 08:45:00,2025-10-28 10:05:00,SHORT,2025-10-28 11:11:00,5416.5,5468.1248,5287.4381,5281.3464,2025-10-28 12:04:00,5468.1248,INITIAL_STOP,-1.115,0.0,True,False,MOEX,1H/5M
LKOH,2025-11-05 06:35:00,2025-11-05 07:50:00,LONG,2025-11-05 08:03:00,5525.0,5494.2125,5601.9688,5605.6017,2025-11-05 14:03:00,5494.2125,INITIAL_STOP,-1.197,0.0,True,False,MOEX,1H/5M
LKOH,2025-11-14 06:45:00,2025-11-14 07:45:00,SHORT,2025-11-14 07:51:00,4970.0,5000.455,4893.8625,4890.2688,2025-11-14 14:45:00,5000.455,INITIAL_STOP,-1.18,0.0,True,False,MOEX,1H/5M
LKOH,2025-11-14 12:10:00,2025-11-14 13:15:00,SHORT,2025-11-14 13:31:00,4957.25,4995.4359,4861.7853,4857.2794,2025-11-14 14:45:00,4995.4359,INITIAL_STOP,-1.143,0.0,True,False,MOEX,1H/5M
LKOH,2025-11-19 07:15:00,2025-11-19 07:45:00,LONG,2025-11-19 08:35:00,5056.75,5035.9149,5108.8378,5111.2964,2025-11-19 11:15:00,5111.2964,GRID_B_FULL_TP,2.292,2.559,False,False,MOEX,1H/5M
LKOH,2025-12-15 04:00:00,2025-12-15 05:05:00,SHORT,2025-12-15 05:52:00,5686.75,5773.5301,5469.7997,5459.5596,2025-12-17 04:59:00,5773.5301,INITIAL_STOP,-1.072,0.0,False,False,MOEX,1H/5M
LKOH,2026-01-03 23:00:00,2026-01-03 23:40:00,SHORT,2026-01-04 00:32:00,5939.5,5988.9092,5815.9769,5810.1466,2026-01-07 04:29:00,5891.0,TIMEOUT,0.849,0.0,True,False,MOEX,1H/5M
LKOH,2026-01-10 23:00:00,2026-01-11 00:15:00,SHORT,2026-01-11 00:26:00,5517.5,5688.2762,5090.5594,5070.4078,2026-01-14 07:37:00,5360.0,TIMEOUT,0.887,0.0,True,False,MOEX,1H/5M
LKOH,2026-01-30 18:00:00,2026-01-30 18:15:00,SHORT,2026-01-30 19:54:00,5297.25,5323.9459,5230.5103,5227.3602,2026-01-31 23:01:00,5323.9459,INITIAL_STOP,-1.218,0.0,True,False,MOEX,1H/5M
LKOH,2026-04-01 15:00:00,2026-04-01 15:55:00,SHORT,2026-04-01 16:00:00,5514.5,5532.2718,5470.0706,5467.9736,2026-04-02 04:00:00,5532.2718,INITIAL_STOP,-1.341,0.0,True,False,MOEX,1H/5M
LKOH,2026-05-09 06:15:00,2026-05-09 07:10:00,LONG,2026-05-09 09:36:00,5150.0,5131.275,5196.8125,5199.0221,2026-05-11 04:01:00,5199.0221,GRID_B_FULL_TP,2.256,2.559,True,False,MOEX,1H/5M
LKOH,2026-05-15 09:25:00,2026-05-15 10:30:00,SHORT,2026-05-15 11:10:00,5182.75,5205.7741,5125.1897,5122.4728,2026-05-15 13:19:00,5205.7741,INITIAL_STOP,-1.248,0.0,True,False,MOEX,1H/5M
LKOH,2026-06-09 04:15:00,2026-06-09 05:00:00,SHORT,2026-06-09 05:23:00,4758.0,4797.137,4660.1575,4655.5393,2026-06-10 06:53:00,4655.5393,GRID_B_FULL_TP,2.425,2.559,False,False,MOEX,1H/5M
LKOH,2026-06-23 13:55:00,2026-06-23 15:15:00,SHORT,2026-06-23 15:33:00,4272.0,4291.408,4223.48,4221.1899,2026-06-23 17:29:00,4291.408,INITIAL_STOP,-1.242,0.0,True,False,MOEX,1H/5M
LKOH,2026-06-30 06:30:00,2026-06-30 06:50:00,LONG,2026-06-30 07:02:00,4520.75,4497.2189,4579.5778,4582.3545,2026-06-30 09:14:00,4582.3545,GRID_B_FULL_TP,2.348,2.559,True,False,MOEX,1H/5M
LKOH,2026-07-03 23:35:00,2026-07-04 00:15:00,SHORT,2026-07-04 00:24:00,4259.0,4302.3885,4150.5287,4145.4089,2026-07-05 06:59:00,4302.3885,INITIAL_STOP,-1.108,0.0,True,False,MOEX,1H/5M
LKOH,2026-07-07 09:30:00,2026-07-07 09:45:00,SHORT,2026-07-07 10:00:00,4262.0,4296.393,4176.0175,4171.9591,2026-07-07 14:32:00,4296.393,INITIAL_STOP,-1.136,0.0,True,False,MOEX,1H/5M
LKOH,2026-07-15 11:25:00,2026-07-15 11:50:00,SHORT,2026-07-15 11:56:00,4407.25,4444.6109,4313.8478,4309.4392,2026-07-16 05:12:00,4309.4392,GRID_B_FULL_TP,2.429,2.559,True,False,MOEX,1H/5M
LKOH,2026-07-17 10:40:00,2026-07-17 11:25:00,SHORT,2026-07-17 11:35:00,4167.0,4206.2505,4068.8737,4064.2422,2026-07-17 15:21:00,4064.2422,GRID_B_FULL_TP,2.442,2.559,False,False,MOEX,1H/5M
LKOH,2026-07-20 09:15:00,2026-07-20 10:30:00,SHORT,2026-07-20 10:49:00,4108.25,4153.6624,3994.7191,3989.3604,2026-07-20 12:52:00,4153.6624,INITIAL_STOP,-1.1,0.0,True,False,MOEX,1H/5M
LKOH,2026-07-21 10:00:00,2026-07-21 10:15:00,LONG,2026-07-21 10:29:00,4246.75,4213.6299,4329.5503,4333.4585,2026-07-21 11:46:00,4333.4585,GRID_B_FULL_TP,2.418,2.559,True,False,MOEX,1H/5M
LKOH,2026-08-04 06:55:00,2026-08-04 07:45:00,LONG,2026-08-04 07:50:00,4577.5,4543.1338,4663.4156,4667.4708,2026-08-04 11:55:00,4543.1338,INITIAL_STOP,-1.147,0.0,True,False,MOEX,1H/5M
LKOH,2026-08-11 10:30:00,2026-08-11 11:50:00,LONG,2026-08-11 12:03:00,4687.75,4674.4684,4720.9541,4722.5213,2026-08-11 13:10:00,4722.5213,GRID_B_FULL_TP,2.171,2.559,True,False,MOEX,1H/5M
LKOH,2026-08-21 09:15:00,2026-08-21 10:15:00,SHORT,2026-08-21 11:08:00,4222.0,4266.833,4109.9175,4104.6272,2026-08-23 00:24:00,4266.833,INITIAL_STOP,-1.104,0.0,True,False,MOEX,1H/5M
LKOH,2026-09-01 19:20:00,2026-09-01 19:55:00,LONG,2026-09-01 20:09:00,4710.75,4687.9339,4767.7903,4770.4826,2026-09-02 05:12:00,4770.4826,GRID_B_FULL_TP,2.332,2.559,False,False,MOEX,1H/5M
LKOH,2026-09-04 05:10:00,2026-09-04 05:25:00,LONG,2026-09-04 05:40:00,4961.25,4943.0581,5006.7297,5008.8763,2026-09-04 06:03:00,5008.8763,GRID_B_FULL_TP,2.259,2.559,False,False,MOEX,1H/5M
LKOH,2026-09-11 08:05:00,2026-09-11 09:15:00,LONG,2026-09-11 10:31:00,5262.25,5226.1066,5352.6084,5356.8734,2026-09-11 12:20:00,5226.1066,INITIAL_STOP,-1.16,0.0,True,False,MOEX,1H/5M
ROSN,2025-09-26 15:00:00,2025-09-26 16:20:00,SHORT,2025-09-26 16:53:00,425.325,426.638,422.0425,421.8876,2025-09-26 23:00:00,426.638,INITIAL_STOP,-1.356,0.0,True,False,MOEX,1H/5M
ROSN,2025-09-26 15:35:00,2025-09-26 16:20:00,SHORT,2025-09-26 16:53:00,425.325,426.638,422.0425,421.8876,2025-09-26 23:00:00,426.638,INITIAL_STOP,-1.356,0.0,True,False,MOEX,1H/5M
ROSN,2025-09-26 23:00:00,2025-09-26 23:10:00,SHORT,2025-09-26 23:20:00,424.125,428.1362,414.097,413.6237,2025-09-27 18:53:00,428.1362,INITIAL_STOP,-1.116,0.0,True,False,MOEX,1H/5M
ROSN,2025-10-01 06:15:00,2025-10-01 06:45:00,SHORT,2025-10-01 06:58:00,414.075,415.4211,410.7097,410.5509,2025-10-01 07:47:00,410.5509,GRID_B_FULL_TP,2.221,2.559,True,False,MOEX,1H/5M
ROSN,2025-10-29 13:35:00,2025-10-29 13:55:00,LONG,2025-10-29 14:04:00,376.675,375.435,379.775,379.9214,2025-10-29 14:26:00,379.9214,GRID_B_FULL_TP,2.225,2.559,False,False,MOEX,1H/5M
ROSN,2025-11-17 09:00:00,2025-11-17 10:15:00,SHORT,2025-11-17 10:53:00,383.275,384.5749,380.0252,379.8718,2025-11-17 14:58:00,379.8718,GRID_B_FULL_TP,2.235,2.559,True,False,MOEX,1H/5M
ROSN,2025-12-17 05:00:00,2025-12-17 06:05:00,SHORT,2025-12-17 06:37:00,414.45,417.1717,407.6458,407.3247,2025-12-18 14:30:00,407.3247,GRID_B_FULL_TP,2.391,2.559,False,False,MOEX,1H/5M
ROSN,2026-01-12 07:00:00,2026-01-12 07:25:00,SHORT,2026-01-12 07:52:00,396.9,399.8954,389.4116,389.0582,2026-01-14 07:06:00,389.0582,GRID_B_FULL_TP,2.413,2.559,False,False,MOEX,1H/5M
ROSN,2026-03-03 19:35:00,2026-03-03 20:40:00,LONG,2026-03-04 04:57:00,440.325,437.4895,447.4137,447.7483,2026-03-04 12:15:00,437.4895,INITIAL_STOP,-1.171,0.0,False,False,MOEX,1H/5M
ROSN,2026-03-03 19:40:00,2026-03-03 20:40:00,LONG,2026-03-04 04:57:00,440.325,437.4895,447.4137,447.7483,2026-03-04 12:15:00,437.4895,INITIAL_STOP,-1.171,0.0,False,False,MOEX,1H/5M
ROSN,2026-03-07 23:00:00,2026-03-07 23:15:00,LONG,2026-03-08 00:01:00,483.825,477.2743,500.2018,500.9748,2026-03-09 03:59:00,500.9748,GRID_B_FULL_TP,2.478,2.559,False,False,MOEX,1H/5M
ROSN,2026-03-27 23:00:00,2026-03-27 23:20:00,SHORT,2026-03-27 23:28:00,495.075,498.8426,485.656,485.2114,2026-03-30 08:33:00,498.8426,INITIAL_STOP,-1.145,0.0,True,False,MOEX,1H/5M
ROSN,2026-04-07 07:00:00,2026-04-07 07:25:00,LONG,2026-04-07 07:34:00,470.3,467.6446,476.9386,477.252,2026-04-07 11:26:00,477.252,GRID_B_FULL_TP,2.364,2.559,True,False,MOEX,1H/5M
ROSN,2026-04-29 06:35:00,2026-04-29 07:05:00,SHORT,2026-04-29 08:17:00,435.8,437.2037,432.2908,432.1251,2026-04-29 08:38:00,437.2037,INITIAL_STOP,-1.342,0.0,True,False,MOEX,1H/5M
ROSN,2026-05-04 09:25:00,2026-05-04 09:55:00,LONG,2026-05-04 10:00:00,421.975,419.717,427.6199,427.8863,2026-05-04 13:34:00,419.717,INITIAL_STOP,-1.206,0.0,True,False,MOEX,1H/5M
ROSN,2026-05-22 07:10:00,2026-05-22 08:30:00,SHORT,2026-05-22 08:35:00,403.325,406.605,395.125,394.738,2026-05-23 20:02:00,394.738,GRID_B_FULL_TP,2.424,2.559,True,False,MOEX,1H/5M
ROSN,2026-07-10 05:45:00,2026-07-10 06:20:00,LONG,2026-07-10 07:12:00,309.725,307.0854,316.324,316.6354,2026-07-12 07:00:00,316.6354,GRID_B_FULL_TP,2.43,2.559,False,False,MOEX,1H/5M
ROSN,2026-07-27 10:15:00,2026-07-27 10:45:00,SHORT,2026-07-27 11:52:00,343.55,346.4653,336.2617,335.9177,2026-07-28 07:32:00,335.9177,GRID_B_FULL_TP,2.429,2.559,True,False,MOEX,1H/5M
ROSN,2026-07-27 10:25:00,2026-07-27 10:45:00,SHORT,2026-07-27 11:52:00,343.55,346.4653,336.2617,335.9177,2026-07-28 07:32:00,335.9177,GRID_B_FULL_TP,2.429,2.559,True,False,MOEX,1H/5M
ROSN,2026-07-27 10:35:00,2026-07-27 10:45:00,SHORT,2026-07-27 11:52:00,343.55,346.4653,336.2617,335.9177,2026-07-28 07:32:00,335.9177,GRID_B_FULL_TP,2.429,2.559,True,False,MOEX,1H/5M
ROSN,2026-08-25 12:40:00,2026-08-25 13:00:00,SHORT,2026-08-25 13:10:00,308.95,310.1634,305.9164,305.7733,2026-08-25 14:31:00,310.1634,INITIAL_STOP,-1.28,0.0,False,False,MOEX,1H/5M
ROSN,2026-09-08 14:55:00,2026-09-08 15:35:00,LONG,2026-09-08 16:11:00,331.425,327.7029,340.7303,341.1696,2026-09-10 07:27:00,341.1696,GRID_B_FULL_TP,2.461,2.559,True,False,MOEX,1H/5M
ROSN,2026-09-11 07:50:00,2026-09-11 09:05:00,LONG,2026-09-11 09:11:00,349.575,347.7256,354.1984,354.4166,2026-09-11 10:16:00,347.7256,INITIAL_STOP,-1.208,0.0,True,False,MOEX,1H/5M
ROSN,2026-09-11 10:15:00,2026-09-11 11:00:00,LONG,2026-09-11 11:47:00,348.625,345.4771,356.4948,356.8663,2026-09-11 14:11:00,349.6,TIMEOUT,0.188,0.0,True,False,MOEX,1H/5M
YDEX,2025-09-24 07:40:00,2025-09-24 08:10:00,SHORT,2025-09-24 08:16:00,4077.5,4098.1163,4025.9594,4023.5267,2025-09-24 08:24:00,4098.1163,INITIAL_STOP,-1.218,0.0,True,False,MOEX,1H/5M
YDEX,2025-10-10 05:30:00,2025-10-10 05:55:00,LONG,2025-10-10 07:18:00,3908.5,3885.6373,3965.6569,3968.3547,2025-10-10 10:48:00,3885.6373,INITIAL_STOP,-1.188,0.0,False,False,MOEX,1H/5M
YDEX,2025-10-28 13:00:00,2025-10-28 13:30:00,LONG,2025-10-28 14:04:00,3829.75,3810.2554,3878.4866,3880.7869,2025-10-28 19:41:00,3880.7869,GRID_B_FULL_TP,2.343,2.559,True,False,MOEX,1H/5M
YDEX,2025-11-01 11:15:00,2025-11-01 12:20:00,LONG,2025-11-01 13:16:00,3996.0,3982.006,4030.985,4032.6363,2025-11-01 23:00:00,4032.6363,GRID_B_FULL_TP,2.245,2.559,False,False,MOEX,1H/5M
YDEX,2025-11-18 20:30:00,2025-11-19 03:55:00,LONG,2025-11-19 04:00:00,3928.25,3904.6076,3987.3559,3990.1457,2025-11-19 07:52:00,3990.1457,GRID_B_FULL_TP,2.376,2.559,True,False,MOEX,1H/5M
YDEX,2025-12-05 20:10:00,2025-12-05 20:25:00,LONG,2025-12-05 20:42:00,4279.5,4243.5808,4369.2981,4373.5366,2025-12-08 20:41:00,4297.0,TIMEOUT_P50,1.363,1.25,True,False,MOEX,1H/5M
YDEX,2025-12-09 06:00:00,2025-12-09 06:40:00,LONG,2025-12-09 06:56:00,4313.75,4293.5294,4364.3016,4366.6876,2025-12-09 14:58:00,4293.5294,INITIAL_STOP,-1.235,0.0,True,False,MOEX,1H/5M
YDEX,2026-01-06 06:25:00,2026-01-06 07:05:00,SHORT,2026-01-06 08:06:00,4516.0,4532.274,4475.315,4473.3947,2026-01-06 23:01:00,4532.274,INITIAL_STOP,-1.305,0.0,True,False,MOEX,1H/5M
YDEX,2026-01-14 07:20:00,2026-01-14 07:45:00,LONG,2026-01-14 08:06:00,4467.25,4451.2991,4507.1272,4509.0094,2026-01-14 08:34:00,4509.0094,GRID_B_FULL_TP,2.251,2.559,True,False,MOEX,1H/5M
YDEX,2026-01-16 23:00:00,2026-01-17 00:00:00,LONG,2026-01-17 00:37:00,4655.25,4594.0171,4808.3322,4815.5577,2026-01-19 19:36:00,4671.0,TIMEOUT,0.174,0.0,True,False,MOEX,1H/5M
YDEX,2026-02-08 07:05:00,2026-02-08 08:10:00,SHORT,2026-02-08 08:17:00,4605.25,4619.4079,4569.8553,4568.1847,2026-02-08 16:05:00,4619.4079,INITIAL_STOP,-1.358,0.0,True,False,MOEX,1H/5M
YDEX,2026-02-17 07:45:00,2026-02-17 08:35:00,LONG,2026-02-17 09:26:00,4823.25,4785.2651,4918.2122,4922.6944,2026-02-17 13:49:00,4785.2651,INITIAL_STOP,-1.14,0.0,True,False,MOEX,1H/5M
YDEX,2026-02-17 08:05:00,2026-02-17 08:35:00,LONG,2026-02-17 09:26:00,4823.25,4785.2651,4918.2122,4922.6944,2026-02-17 13:49:00,4785.2651,INITIAL_STOP,-1.14,0.0,True,False,MOEX,1H/5M
YDEX,2026-03-01 16:05:00,2026-03-01 16:20:00,SHORT,2026-03-01 16:25:00,4742.75,4884.1141,4389.3397,4372.6587,2026-03-04 15:30:00,4553.0,TIMEOUT,1.305,0.0,True,False,MOEX,1H/5M
YDEX,2026-03-25 06:25:00,2026-03-25 07:20:00,SHORT,2026-03-25 08:55:00,4326.25,4350.4894,4265.6516,4262.7913,2026-03-25 11:16:00,4350.4894,INITIAL_STOP,-1.196,0.0,True,False,MOEX,1H/5M
YDEX,2026-03-30 18:05:00,2026-03-30 18:40:00,LONG,2026-03-30 19:12:00,4281.75,4262.5774,4329.6816,4331.9439,2026-03-31 10:48:00,4262.5774,INITIAL_STOP,-1.246,0.0,True,False,MOEX,1H/5M
YDEX,2026-04-01 14:55:00,2026-04-01 15:30:00,LONG,2026-04-01 15:57:00,4257.5,4243.6138,4292.2156,4293.8542,2026-04-01 19:25:00,4293.8542,GRID_B_FULL_TP,2.222,2.559,True,False,MOEX,1H/5M
YDEX,2026-04-05 16:00:00,2026-04-05 16:55:00,SHORT,2026-04-05 17:20:00,4141.25,4176.2119,4053.8453,4049.7198,2026-04-06 09:00:00,4176.2119,INITIAL_STOP,-1.13,0.0,True,False,MOEX,1H/5M
YDEX,2026-04-17 07:25:00,2026-04-17 08:20:00,LONG,2026-04-17 09:13:00,4257.5,4230.6138,4324.7156,4327.8882,2026-04-20 12:06:00,4276.5,TIMEOUT,0.532,0.0,True,False,MOEX,1H/5M
YDEX,2026-04-21 09:55:00,2026-04-21 11:15:00,LONG,2026-04-21 11:22:00,4312.0,4283.532,4383.17,4386.5292,2026-04-23 05:16:00,4386.5292,GRID_B_FULL_TP,2.392,2.559,False,False,MOEX,1H/5M
YDEX,2026-04-21 10:45:00,2026-04-21 11:15:00,LONG,2026-04-21 11:22:00,4312.0,4283.532,4383.17,4386.5292,2026-04-23 05:16:00,4386.5292,GRID_B_FULL_TP,2.392,2.559,True,False,MOEX,1H/5M
YDEX,2026-05-19 07:25:00,2026-05-19 08:10:00,LONG,2026-05-19 10:04:00,4070.25,4046.3946,4129.8884,4132.7034,2026-05-20 06:55:00,4046.3946,INITIAL_STOP,-1.188,0.0,True,False,MOEX,1H/5M
YDEX,2026-06-09 06:15:00,2026-06-09 06:30:00,SHORT,2026-06-09 08:04:00,3901.75,3915.8526,3866.4934,3864.8293,2026-06-09 08:19:00,3915.8526,INITIAL_STOP,-1.304,0.0,True,False,MOEX,1H/5M
YDEX,2026-06-30 07:00:00,2026-06-30 07:20:00,LONG,2026-06-30 07:58:00,3637.25,3594.5441,3744.0147,3749.054,2026-06-30 11:00:00,3749.054,GRID_B_FULL_TP,2.465,2.559,True,False,MOEX,1H/5M
YDEX,2026-07-07 09:30:00,2026-07-07 09:50:00,SHORT,2026-07-07 09:57:00,3449.5,3480.6743,3371.5644,3367.8858,2026-07-07 15:00:00,3480.6743,INITIAL_STOP,-1.122,0.0,True,False,MOEX,1H/5M
YDEX,2026-07-07 09:25:00,2026-07-07 09:50:00,SHORT,2026-07-07 09:57:00,3449.5,3480.6742,3371.5644,3367.8858,2026-07-07 15:00:00,3480.6742,INITIAL_STOP,-1.122,0.0,True,False,MOEX,1H/5M
YDEX,2026-07-07 17:40:00,2026-07-07 18:10:00,SHORT,2026-07-07 19:08:00,3470.5,3516.7058,3354.9856,3349.5333,2026-07-08 08:33:00,3516.7058,INITIAL_STOP,-1.083,0.0,True,False,MOEX,1H/5M
YDEX,2026-07-18 08:25:00,2026-07-18 09:10:00,SHORT,2026-07-18 10:45:00,3250.75,3275.8761,3187.9347,3184.9698,2026-07-19 09:20:00,3275.8761,INITIAL_STOP,-1.142,0.0,True,False,MOEX,1H/5M
YDEX,2026-07-20 10:30:00,2026-07-20 11:15:00,LONG,2026-07-20 11:26:00,3304.0,3284.044,3353.89,3356.2448,2026-07-20 12:00:00,3356.2448,GRID_B_FULL_TP,2.377,2.559,False,False,MOEX,1H/5M
YDEX,2026-07-22 05:55:00,2026-07-22 06:20:00,LONG,2026-07-22 06:29:00,3558.75,3531.1619,3627.7203,3630.9757,2026-07-22 09:02:00,3630.9757,GRID_B_FULL_TP,2.417,2.559,False,False,MOEX,1H/5M
YDEX,2026-08-04 03:55:00,2026-08-04 04:30:00,SHORT,2026-08-04 04:44:00,3971.75,3994.9576,3913.7309,3910.9924,2026-08-05 06:16:00,3994.9576,INITIAL_STOP,-1.188,0.0,False,False,MOEX,1H/5M
YDEX,2026-08-14 07:10:00,2026-08-14 07:40:00,SHORT,2026-08-14 07:46:00,3857.5,3873.7862,3816.7844,3814.8626,2026-08-14 08:47:00,3814.8626,GRID_B_FULL_TP,2.298,2.559,True,False,MOEX,1H/5M
YDEX,2026-08-24 14:55:00,2026-08-24 15:10:00,SHORT,2026-08-24 15:27:00,3484.5,3517.7267,3401.4331,3397.5124,2026-08-25 04:17:00,3517.7267,INITIAL_STOP,-1.115,0.0,True,False,MOEX,1H/5M
YDEX,2026-08-26 05:00:00,2026-08-26 05:35:00,LONG,2026-08-26 05:58:00,3533.0,3519.7005,3566.2488,3567.8181,2026-08-26 09:59:00,3536.8863,BE_STOP,0.958,1.25,False,False,MOEX,1H/5M
