symbol,sweep_time,confirm_time,dir,fill_time,fill_price,stop,target_tp1,target_tp2,exit_time,exit_price,outcome,R,banked_r,is_asian_sweep,has_smt,preset,market
SOL/USDT,2025-09-19 09:45:00,2025-09-19 10:40:00,LONG,2025-09-19 10:49:00,242.325,241.3965,243.2535,243.8273,2025-09-19 11:11:00,241.3965,INITIAL_STOP,-1.459,0.0,True,False,POSITIVE_PROVEN_KZ,crypto
SOL/USDT,2025-11-12 08:25:00,2025-11-12 09:30:00,SHORT,2025-11-12 10:03:00,158.545,159.1878,157.9022,157.5049,2025-11-12 10:23:00,159.1878,INITIAL_STOP,-1.434,0.0,True,False,POSITIVE_PROVEN_KZ,crypto
SOL/USDT,2025-11-21 13:15:00,2025-11-21 14:00:00,SHORT,2025-11-21 14:09:00,127.505,128.5313,126.4787,125.8445,2025-11-21 14:30:00,127.2806,BE_STOP,0.281,0.5,True,False,POSITIVE_PROVEN_KZ,crypto
SOL/USDT,2025-11-25 09:10:00,2025-11-25 10:25:00,LONG,2025-11-25 10:32:00,136.275,134.5256,138.0244,139.1055,2025-11-25 14:45:00,134.5256,INITIAL_STOP,-1.137,0.0,True,False,POSITIVE_PROVEN_KZ,crypto
SOL/USDT,2025-12-04 14:55:00,2025-12-04 15:05:00,LONG,2025-12-04 15:26:00,142.28,141.2266,143.3334,143.9844,2025-12-04 15:39:00,143.9844,GRID_B_FULL_TP,1.071,1.309,True,False,POSITIVE_PROVEN_KZ,crypto
SOL/USDT,2025-12-15 14:10:00,2025-12-15 14:25:00,SHORT,2025-12-15 14:36:00,133.505,135.6303,131.3797,130.0663,2025-12-15 14:57:00,130.0663,GRID_B_FULL_TP,1.198,1.309,True,False,POSITIVE_PROVEN_KZ,crypto
SOL/USDT,2025-12-15 14:15:00,2025-12-15 14:25:00,SHORT,2025-12-15 14:36:00,133.505,135.6303,131.3797,130.0663,2025-12-15 14:57:00,130.0663,GRID_B_FULL_TP,1.198,1.309,True,False,POSITIVE_PROVEN_KZ,crypto
SOL/USDT,2026-01-03 07:15:00,2026-01-03 08:30:00,LONG,2026-01-03 09:12:00,130.435,129.4043,131.4657,132.1026,2026-01-03 14:32:00,132.1026,GRID_B_FULL_TP,1.086,1.309,True,False,POSITIVE_PROVEN_KZ,crypto
SOL/USDT,2026-02-05 09:15:00,2026-02-05 09:35:00,SHORT,2026-02-05 09:40:00,92.605,93.5689,91.6411,91.0454,2026-02-05 10:48:00,91.0454,GRID_B_FULL_TP,1.14,1.309,True,False,POSITIVE_PROVEN_KZ,crypto
SOL/USDT,2026-02-06 13:10:00,2026-02-06 14:05:00,SHORT,2026-02-06 14:30:00,82.995,83.9745,82.0155,81.4102,2026-02-06 14:34:00,83.9745,INITIAL_STOP,-1.149,0.0,True,False,POSITIVE_PROVEN_KZ,crypto
SOL/USDT,2026-02-13 14:30:00,2026-02-13 15:45:00,SHORT,2026-02-13 16:05:00,83.45,84.4652,82.4348,81.8074,2026-02-13 16:32:00,84.4652,INITIAL_STOP,-1.145,0.0,True,False,POSITIVE_PROVEN_KZ,crypto
SOL/USDT,2026-02-28 13:45:00,2026-02-28 14:50:00,SHORT,2026-02-28 15:28:00,80.965,81.6314,80.2986,79.8867,2026-02-28 18:32:00,81.6314,INITIAL_STOP,-1.214,0.0,True,False,POSITIVE_PROVEN_KZ,crypto
SOL/USDT,2026-04-16 13:10:00,2026-04-16 13:35:00,SHORT,2026-04-16 15:08:00,85.965,86.4089,85.5211,85.2467,2026-04-16 15:20:00,86.4089,INITIAL_STOP,-1.341,0.0,True,False,POSITIVE_PROVEN_KZ,crypto
SOL/USDT,2026-05-23 14:40:00,2026-05-23 15:20:00,SHORT,2026-05-23 16:39:00,84.285,84.6664,83.9036,83.6679,2026-05-23 18:12:00,84.6664,INITIAL_STOP,-1.389,0.0,True,False,POSITIVE_PROVEN_KZ,crypto
SOL/USDT,2026-08-25 12:05:00,2026-08-25 12:50:00,LONG,2026-08-25 13:08:00,98.45,97.3023,99.5977,100.3069,2026-08-25 13:26:00,97.3023,INITIAL_STOP,-1.151,0.0,True,False,POSITIVE_PROVEN_KZ,crypto
BNB/USDT,2025-10-24 07:40:00,2025-10-24 08:40:00,LONG,2025-10-24 10:21:00,1124.77,1119.3528,1130.1872,1133.535,2025-10-24 12:30:00,1133.535,GRID_B_FULL_TP,0.944,1.309,True,False,POSITIVE_PROVEN_KZ,crypto
BNB/USDT,2025-11-12 13:45:00,2025-11-12 14:05:00,SHORT,2025-11-12 14:11:00,975.655,980.0735,971.2365,968.5059,2025-11-12 14:47:00,968.5059,GRID_B_FULL_TP,0.92,1.309,True,False,POSITIVE_PROVEN_KZ,crypto
BNB/USDT,2025-11-21 13:15:00,2025-11-21 13:25:00,SHORT,2025-11-21 13:35:00,820.035,826.6701,813.3999,809.2995,2025-11-21 13:48:00,826.6701,INITIAL_STOP,-1.218,0.0,True,False,POSITIVE_PROVEN_KZ,crypto
BNB/USDT,2026-02-11 14:00:00,2026-02-11 14:25:00,SHORT,2026-02-11 14:31:00,607.34,612.761,601.919,598.5688,2026-02-11 14:50:00,598.5688,GRID_B_FULL_TP,1.112,1.309,True,False,POSITIVE_PROVEN_KZ,crypto
BNB/USDT,2026-02-11 14:10:00,2026-02-11 14:25:00,SHORT,2026-02-11 14:31:00,607.34,612.761,601.919,598.5688,2026-02-11 14:50:00,598.5688,GRID_B_FULL_TP,1.112,1.309,True,False,POSITIVE_PROVEN_KZ,crypto
BNB/USDT,2026-05-31 07:30:00,2026-05-31 08:05:00,LONG,2026-05-31 09:53:00,720.29,715.5896,724.9904,727.8953,2026-05-31 13:18:00,727.8953,GRID_B_FULL_TP,1.039,1.309,True,False,POSITIVE_PROVEN_KZ,crypto
BNB/USDT,2026-06-10 13:40:00,2026-06-10 13:55:00,SHORT,2026-06-10 14:08:00,594.33,597.5215,591.1385,589.1662,2026-06-10 14:24:00,593.284,BE_STOP,0.172,0.5,True,False,POSITIVE_PROVEN_KZ,crypto
BNB/USDT,2026-06-20 13:45:00,2026-06-20 14:10:00,SHORT,2026-06-20 14:44:00,583.5,585.7752,581.2248,579.8186,2026-06-20 14:46:00,585.7752,INITIAL_STOP,-1.451,0.0,True,False,POSITIVE_PROVEN_KZ,crypto
DOGE/USDT,2025-10-02 12:00:00,2025-10-02 12:40:00,LONG,2025-10-02 12:48:00,0.256,0.2544,0.2576,0.2586,2025-10-02 13:16:00,0.2544,INITIAL_STOP,-1.283,0.0,True,False,POSITIVE_PROVEN_KZ,crypto
DOGE/USDT,2025-10-08 14:00:00,2025-10-08 14:55:00,SHORT,2025-10-08 15:00:00,0.2524,0.2572,0.2477,0.2448,2025-10-08 17:00:00,0.2572,INITIAL_STOP,-1.094,0.0,True,False,POSITIVE_PROVEN_KZ,crypto
DOGE/USDT,2025-11-12 09:10:00,2025-11-12 09:30:00,SHORT,2025-11-12 09:56:00,0.1751,0.1758,0.1744,0.174,2025-11-12 10:07:00,0.1758,INITIAL_STOP,-1.435,0.0,True,False,POSITIVE_PROVEN_KZ,crypto
DOGE/USDT,2025-12-04 14:55:00,2025-12-04 15:10:00,LONG,2025-12-04 15:25:00,0.1489,0.1476,0.1502,0.151,2025-12-04 15:39:00,0.151,GRID_B_FULL_TP,1.109,1.309,True,False,POSITIVE_PROVEN_KZ,crypto
DOGE/USDT,2025-12-29 12:05:00,2025-12-29 12:25:00,LONG,2025-12-29 13:49:00,0.1233,0.1223,0.1243,0.125,2025-12-29 14:58:00,0.1235,BE_STOP,0.284,0.5,True,False,POSITIVE_PROVEN_KZ,crypto
DOGE/USDT,2026-01-26 14:40:00,2026-01-26 15:25:00,SHORT,2026-01-26 16:22:00,0.1232,0.124,0.1225,0.122,2026-01-26 16:49:00,0.123,BE_STOP,0.215,0.5,True,False,POSITIVE_PROVEN_KZ,crypto
DOGE/USDT,2026-02-06 13:20:00,2026-02-06 14:05:00,SHORT,2026-02-06 14:30:00,0.0947,0.0956,0.0938,0.0932,2026-02-06 14:34:00,0.0956,INITIAL_STOP,-1.182,0.0,True,False,POSITIVE_PROVEN_KZ,crypto
DOGE/USDT,2026-02-15 13:45:00,2026-02-15 14:45:00,LONG,2026-02-15 14:52:00,0.1083,0.1067,0.1099,0.1108,2026-02-15 16:07:00,0.1067,INITIAL_STOP,-1.12,0.0,True,False,POSITIVE_PROVEN_KZ,crypto
DOGE/USDT,2026-02-28 13:45:00,2026-02-28 14:50:00,SHORT,2026-02-28 16:44:00,0.0911,0.0923,0.0899,0.0892,2026-02-28 18:53:00,0.0923,INITIAL_STOP,-1.137,0.0,True,False,POSITIVE_PROVEN_KZ,crypto
DOGE/USDT,2026-05-06 13:45:00,2026-05-06 14:25:00,LONG,2026-05-06 14:56:00,0.113,0.1112,0.1148,0.1159,2026-05-07 01:00:00,0.1112,INITIAL_STOP,-1.11,0.0,True,False,POSITIVE_PROVEN_KZ,crypto
DOGE/USDT,2026-09-06 09:40:00,2026-09-06 10:45:00,LONG,2026-09-06 11:43:00,0.0898,0.0881,0.0916,0.0927,2026-09-06 14:32:00,0.0881,INITIAL_STOP,-1.089,0.0,True,False,POSITIVE_PROVEN_KZ,crypto
ADA/USDT,2025-09-22 13:00:00,2025-09-22 13:40:00,SHORT,2025-09-22 13:53:00,0.8275,0.8333,0.8216,0.8179,2025-09-22 16:09:00,0.826,BE_STOP,0.253,0.5,True,False,POSITIVE_PROVEN_KZ,crypto
ADA/USDT,2025-09-24 14:50:00,2025-09-24 15:50:00,SHORT,2025-09-24 17:31:00,0.8246,0.8316,0.8175,0.8131,2025-09-24 23:33:00,0.8131,GRID_B_FULL_TP,1.104,1.309,True,False,POSITIVE_PROVEN_KZ,crypto
ADA/USDT,2025-10-17 13:30:00,2025-10-17 13:45:00,SHORT,2025-10-17 13:51:00,0.6181,0.6244,0.6118,0.6079,2025-10-17 13:55:00,0.6244,INITIAL_STOP,-1.172,0.0,True,False,POSITIVE_PROVEN_KZ,crypto
ADA/USDT,2025-10-23 13:35:00,2025-10-23 13:45:00,SHORT,2025-10-23 15:09:00,0.642,0.6455,0.6384,0.6363,2025-10-23 15:33:00,0.6455,INITIAL_STOP,-1.322,0.0,True,False,POSITIVE_PROVEN_KZ,crypto
ADA/USDT,2025-10-27 13:40:00,2025-10-27 13:50:00,LONG,2025-10-27 14:05:00,0.6709,0.6647,0.6771,0.6809,2025-10-27 16:37:00,0.6809,GRID_B_FULL_TP,1.119,1.309,True,False,POSITIVE_PROVEN_KZ,crypto
ADA/USDT,2025-11-08 13:55:00,2025-11-08 14:35:00,LONG,2025-11-08 14:47:00,0.5646,0.5612,0.568,0.5702,2025-11-08 15:18:00,0.5612,INITIAL_STOP,-1.288,0.0,True,False,POSITIVE_PROVEN_KZ,crypto
ADA/USDT,2025-11-12 09:20:00,2025-11-12 09:30:00,SHORT,2025-11-12 10:09:00,0.5685,0.5717,0.5654,0.5635,2025-11-12 10:33:00,0.5717,INITIAL_STOP,-1.322,0.0,True,False,POSITIVE_PROVEN_KZ,crypto
ADA/USDT,2025-11-21 14:40:00,2025-11-21 15:05:00,SHORT,2025-11-21 16:56:00,0.4106,0.4146,0.4067,0.4042,2025-11-21 17:05:00,0.4146,INITIAL_STOP,-1.182,0.0,True,False,POSITIVE_PROVEN_KZ,crypto
ADA/USDT,2025-12-03 14:00:00,2025-12-03 14:40:00,LONG,2025-12-03 14:52:00,0.4335,0.4258,0.4412,0.4459,2025-12-03 20:20:00,0.4459,GRID_B_FULL_TP,1.209,1.309,True,False,POSITIVE_PROVEN_KZ,crypto
ADA/USDT,2026-01-01 13:40:00,2026-01-01 14:20:00,SHORT,2026-01-01 14:35:00,0.3434,0.3451,0.3416,0.3405,2026-01-01 15:31:00,0.3451,INITIAL_STOP,-1.342,0.0,True,False,POSITIVE_PROVEN_KZ,crypto
ADA/USDT,2026-01-06 07:30:00,2026-01-06 08:05:00,LONG,2026-01-06 08:16:00,0.4157,0.4135,0.4179,0.4193,2026-01-06 09:09:00,0.4164,BE_STOP,0.171,0.5,True,False,POSITIVE_PROVEN_KZ,crypto
ADA/USDT,2026-02-02 14:20:00,2026-02-02 15:30:00,SHORT,2026-02-02 15:38:00,0.3,0.303,0.297,0.2951,2026-02-02 15:48:00,0.303,INITIAL_STOP,-1.173,0.0,True,False,POSITIVE_PROVEN_KZ,crypto
ADA/USDT,2026-02-06 13:45:00,2026-02-06 14:25:00,SHORT,2026-02-06 14:30:00,0.2633,0.2667,0.26,0.2579,2026-02-06 14:34:00,0.2667,INITIAL_STOP,-1.139,0.0,True,False,POSITIVE_PROVEN_KZ,crypto
ADA/USDT,2026-02-28 13:45:00,2026-02-28 14:50:00,SHORT,2026-02-28 15:28:00,0.2684,0.2722,0.2646,0.2622,2026-02-28 18:37:00,0.2722,INITIAL_STOP,-1.124,0.0,True,False,POSITIVE_PROVEN_KZ,crypto
ADA/USDT,2026-04-08 14:30:00,2026-04-08 15:05:00,LONG,2026-04-08 15:10:00,0.2529,0.2515,0.2543,0.2551,2026-04-08 17:03:00,0.2551,GRID_B_FULL_TP,0.986,1.309,True,False,POSITIVE_PROVEN_KZ,crypto
ADA/USDT,2026-07-08 14:40:00,2026-07-08 14:55:00,LONG,2026-07-08 15:01:00,0.1668,0.1657,0.168,0.1686,2026-07-08 15:13:00,0.1657,INITIAL_STOP,-1.267,0.0,True,False,POSITIVE_PROVEN_KZ,crypto
XRP/USDT,2025-09-16 08:35:00,2025-09-16 09:30:00,SHORT,2025-09-16 09:36:00,3.0328,3.0541,3.0115,2.9983,2025-09-16 14:50:00,3.0275,BE_STOP,0.25,0.5,True,False,POSITIVE_PROVEN_KZ,crypto
XRP/USDT,2025-09-16 08:50:00,2025-09-16 09:30:00,SHORT,2025-09-16 09:36:00,3.0328,3.0541,3.0115,2.9983,2025-09-16 14:50:00,3.0275,BE_STOP,0.25,0.5,True,False,POSITIVE_PROVEN_KZ,crypto
XRP/USDT,2025-10-11 08:20:00,2025-10-11 09:15:00,SHORT,2025-10-11 09:20:00,2.4868,2.5098,2.4638,2.4495,2025-10-11 10:14:00,2.4824,BE_STOP,0.31,0.5,True,False,POSITIVE_PROVEN_KZ,crypto
XRP/USDT,2025-11-10 14:50:00,2025-11-10 15:10:00,LONG,2025-11-10 15:18:00,2.5143,2.4947,2.5338,2.5458,2025-11-10 15:51:00,2.5187,BE_STOP,0.273,0.5,True,False,POSITIVE_PROVEN_KZ,crypto
XRP/USDT,2025-11-12 09:10:00,2025-11-12 09:30:00,SHORT,2025-11-12 09:44:00,2.4213,2.4319,2.4107,2.4041,2025-11-12 11:06:00,2.4319,INITIAL_STOP,-1.401,0.0,True,False,POSITIVE_PROVEN_KZ,crypto
XRP/USDT,2025-11-25 08:55:00,2025-11-25 09:40:00,LONG,2025-11-25 10:01:00,2.1934,2.1822,2.2046,2.2115,2025-11-25 11:20:00,2.1973,BE_STOP,0.155,0.5,True,False,POSITIVE_PROVEN_KZ,crypto
XRP/USDT,2025-12-03 14:00:00,2025-12-03 14:45:00,LONG,2025-12-03 14:52:00,2.1744,2.1392,2.2096,2.2313,2025-12-04 05:42:00,2.1782,BE_STOP,0.391,0.5,True,False,POSITIVE_PROVEN_KZ,crypto
XRP/USDT,2025-12-16 12:45:00,2025-12-16 13:35:00,SHORT,2025-12-16 14:50:00,1.9326,1.952,1.9133,1.9013,2025-12-17 02:49:00,1.9292,BE_STOP,0.324,0.5,True,False,POSITIVE_PROVEN_KZ,crypto
XRP/USDT,2026-01-03 07:20:00,2026-01-03 07:40:00,LONG,2026-01-03 07:46:00,1.9949,1.9814,2.0084,2.0167,2026-01-03 09:36:00,2.0167,GRID_B_FULL_TP,1.049,1.309,True,False,POSITIVE_PROVEN_KZ,crypto
XRP/USDT,2026-01-26 12:05:00,2026-01-26 12:25:00,SHORT,2026-01-26 12:35:00,1.8968,1.9048,1.8889,1.8839,2026-01-26 13:13:00,1.9048,INITIAL_STOP,-1.418,0.0,True,False,POSITIVE_PROVEN_KZ,crypto
XRP/USDT,2026-01-26 14:40:00,2026-01-26 15:25:00,SHORT,2026-01-26 16:03:00,1.9339,1.9489,1.9189,1.9096,2026-01-26 17:09:00,1.9096,GRID_B_FULL_TP,1.082,1.309,True,False,POSITIVE_PROVEN_KZ,crypto
XRP/USDT,2026-02-06 13:10:00,2026-02-06 14:05:00,SHORT,2026-02-06 14:15:00,1.4222,1.4435,1.4009,1.3877,2026-02-06 14:34:00,1.4435,INITIAL_STOP,-1.117,0.0,True,False,POSITIVE_PROVEN_KZ,crypto
XRP/USDT,2026-02-06 14:45:00,2026-02-06 15:55:00,SHORT,2026-02-06 16:05:00,1.5242,1.5465,1.502,1.4883,2026-02-06 16:57:00,1.4883,GRID_B_FULL_TP,1.188,1.309,True,False,POSITIVE_PROVEN_KZ,crypto
XRP/USDT,2026-04-08 14:30:00,2026-04-08 15:20:00,LONG,2026-04-08 15:33:00,1.3531,1.3434,1.3627,1.3687,2026-04-08 18:18:00,1.3554,BE_STOP,0.254,0.5,True,False,POSITIVE_PROVEN_KZ,crypto
XRP/USDT,2026-04-18 08:40:00,2026-04-18 08:50:00,LONG,2026-04-18 09:01:00,1.4505,1.4432,1.4577,1.4621,2026-04-18 10:04:00,1.4432,INITIAL_STOP,-1.353,0.0,True,False,POSITIVE_PROVEN_KZ,crypto
XRP/USDT,2026-05-28 14:15:00,2026-05-28 15:10:00,SHORT,2026-05-28 15:24:00,1.2995,1.3126,1.2864,1.2782,2026-05-28 15:46:00,1.3126,INITIAL_STOP,-1.174,0.0,True,False,POSITIVE_PROVEN_KZ,crypto
XRP/USDT,2026-06-20 14:45:00,2026-06-20 15:35:00,SHORT,2026-06-20 15:46:00,1.1492,1.1572,1.1411,1.1361,2026-06-21 23:05:00,1.1361,GRID_B_FULL_TP,1.058,1.309,True,False,POSITIVE_PROVEN_KZ,crypto
XRP/USDT,2026-07-24 13:35:00,2026-07-24 14:55:00,LONG,2026-07-24 15:05:00,1.0901,1.0851,1.0952,1.0984,2026-07-25 22:56:00,1.0984,GRID_B_FULL_TP,0.932,1.309,True,False,POSITIVE_PROVEN_KZ,crypto
SBER,2025-11-11 09:00:00,2025-11-11 09:15:00,LONG,2025-11-11 10:12:00,299.015,297.6115,302.5238,302.6894,2025-11-12 14:05:00,297.6115,INITIAL_STOP,-1.234,0.0,True,False,POSITIVE_PROVEN_KZ,moex
SBER,2026-03-10 09:35:00,2026-03-10 10:00:00,LONG,2026-03-10 10:19:00,318.125,316.8728,321.2555,321.4032,2026-03-10 12:10:00,316.8728,INITIAL_STOP,-1.279,0.0,True,False,POSITIVE_PROVEN_KZ,moex
SBER,2026-05-26 09:35:00,2026-05-26 09:50:00,SHORT,2026-05-26 11:02:00,320.835,321.7113,318.6444,318.541,2026-05-27 07:12:00,321.7113,INITIAL_STOP,-1.403,0.0,True,False,POSITIVE_PROVEN_KZ,moex
SBER,2026-07-01 08:00:00,2026-07-01 08:45:00,LONG,2026-07-01 09:10:00,307.665,306.5385,310.4812,310.6142,2026-07-01 09:23:00,310.6142,GRID_B_FULL_TP,2.259,2.559,True,False,POSITIVE_PROVEN_KZ,moex
SBER,2026-07-21 09:30:00,2026-07-21 10:10:00,LONG,2026-07-21 10:34:00,257.56,255.8137,261.9259,262.1319,2026-07-21 13:07:00,262.1319,GRID_B_FULL_TP,2.397,2.559,True,False,POSITIVE_PROVEN_KZ,moex
SBER,2026-08-05 08:40:00,2026-08-05 09:05:00,LONG,2026-08-05 09:19:00,285.25,284.3421,287.5197,287.6268,2026-08-05 16:04:00,287.6268,GRID_B_FULL_TP,2.213,2.559,False,False,POSITIVE_PROVEN_KZ,moex
SBER,2026-08-25 08:20:00,2026-08-25 08:55:00,LONG,2026-08-25 09:40:00,269.26,267.5961,273.4197,273.6161,2026-08-25 14:47:00,273.6161,GRID_B_FULL_TP,2.381,2.559,True,False,POSITIVE_PROVEN_KZ,moex
GAZP,2025-10-22 08:40:00,2025-10-22 09:20:00,SHORT,2025-10-22 09:31:00,121.63,122.3824,119.7489,119.6601,2025-10-22 19:03:00,119.6601,GRID_B_FULL_TP,2.381,2.559,True,False,POSITIVE_PROVEN_KZ,moex
GAZP,2025-11-28 09:25:00,2025-11-28 10:35:00,SHORT,2025-11-28 10:50:00,125.46,125.9282,124.2895,124.2343,2025-11-28 13:41:00,125.9282,INITIAL_STOP,-1.295,0.0,True,False,POSITIVE_PROVEN_KZ,moex
GAZP,2026-01-28 09:05:00,2026-01-28 10:15:00,LONG,2026-01-28 10:23:00,127.89,127.3882,129.1446,129.2038,2026-01-28 12:05:00,127.3882,INITIAL_STOP,-1.28,0.0,True,False,POSITIVE_PROVEN_KZ,moex
GAZP,2026-05-13 08:10:00,2026-05-13 08:40:00,LONG,2026-05-13 08:51:00,123.585,122.9446,125.1859,125.2615,2026-05-14 12:12:00,122.9446,INITIAL_STOP,-1.212,0.0,True,False,POSITIVE_PROVEN_KZ,moex
GAZP,2026-07-25 08:20:00,2026-07-25 08:40:00,LONG,2026-07-25 09:49:00,93.155,92.6603,94.3918,94.4502,2026-07-26 07:09:00,92.6603,INITIAL_STOP,-1.207,0.0,True,False,POSITIVE_PROVEN_KZ,moex
GAZP,2026-08-18 08:40:00,2026-08-18 10:00:00,SHORT,2026-08-18 10:07:00,85.155,85.8977,83.2982,83.2105,2026-08-18 14:28:00,83.2105,GRID_B_FULL_TP,2.433,2.559,True,False,POSITIVE_PROVEN_KZ,moex
GAZP,2026-08-18 09:30:00,2026-08-18 10:00:00,SHORT,2026-08-18 10:07:00,85.155,85.8977,83.2982,83.2105,2026-08-18 14:28:00,83.2105,GRID_B_FULL_TP,2.433,2.559,True,False,POSITIVE_PROVEN_KZ,moex
LKOH,2025-10-22 08:40:00,2025-10-22 09:20:00,SHORT,2025-10-22 09:28:00,6264.75,6293.8971,6191.8822,6188.4428,2025-10-22 09:40:00,6293.8971,INITIAL_STOP,-1.236,0.0,True,False,POSITIVE_PROVEN_KZ,moex
LKOH,2025-10-28 08:45:00,2025-10-28 10:05:00,SHORT,2025-10-28 11:11:00,5416.5,5468.1248,5287.4381,5281.3464,2025-10-28 12:04:00,5468.1248,INITIAL_STOP,-1.115,0.0,True,False,POSITIVE_PROVEN_KZ,moex
LKOH,2025-12-30 09:35:00,2025-12-30 10:20:00,SHORT,2025-12-30 10:26:00,5859.75,5883.7896,5799.6509,5796.8143,2025-12-30 12:59:00,5883.7896,INITIAL_STOP,-1.268,0.0,True,False,POSITIVE_PROVEN_KZ,moex
LKOH,2026-03-09 09:20:00,2026-03-09 09:55:00,LONG,2026-03-09 10:01:00,5751.5,5704.3728,5869.3181,5874.8791,2026-03-09 19:37:00,5704.3728,INITIAL_STOP,-1.134,0.0,True,False,POSITIVE_PROVEN_KZ,moex
LKOH,2026-04-13 08:00:00,2026-04-13 09:15:00,LONG,2026-04-13 09:24:00,5488.5,5467.2672,5541.5819,5544.0873,2026-04-13 10:09:00,5467.2672,INITIAL_STOP,-1.284,0.0,True,False,POSITIVE_PROVEN_KZ,moex
LKOH,2026-05-15 09:25:00,2026-05-15 10:30:00,SHORT,2026-05-15 11:10:00,5182.75,5205.7741,5125.1897,5122.4728,2026-05-15 13:19:00,5205.7741,INITIAL_STOP,-1.248,0.0,True,False,POSITIVE_PROVEN_KZ,moex
LKOH,2026-06-17 08:15:00,2026-06-17 08:35:00,SHORT,2026-06-17 09:59:00,4529.25,4561.7939,4447.8903,4444.0501,2026-06-17 12:51:00,4561.7939,INITIAL_STOP,-1.153,0.0,True,False,POSITIVE_PROVEN_KZ,moex
LKOH,2026-07-07 09:30:00,2026-07-07 09:45:00,SHORT,2026-07-07 10:00:00,4262.0,4296.393,4176.0175,4171.9591,2026-07-07 14:32:00,4296.393,INITIAL_STOP,-1.136,0.0,True,False,POSITIVE_PROVEN_KZ,moex
LKOH,2026-07-20 09:15:00,2026-07-20 10:30:00,SHORT,2026-07-20 10:49:00,4108.25,4153.6624,3994.7191,3989.3604,2026-07-20 12:52:00,4153.6624,INITIAL_STOP,-1.1,0.0,True,False,POSITIVE_PROVEN_KZ,moex
LKOH,2026-07-31 09:45:00,2026-07-31 10:25:00,SHORT,2026-07-31 10:50:00,4619.0,4640.4285,4565.4288,4562.9002,2026-07-31 11:20:00,4640.4285,INITIAL_STOP,-1.237,0.0,True,False,POSITIVE_PROVEN_KZ,moex
LKOH,2026-08-19 09:50:00,2026-08-19 10:05:00,LONG,2026-08-19 10:52:00,4236.75,4213.6449,4294.5128,4297.2392,2026-08-19 15:19:00,4297.2392,GRID_B_FULL_TP,2.357,2.559,True,False,POSITIVE_PROVEN_KZ,moex
LKOH,2026-08-21 09:15:00,2026-08-21 10:15:00,SHORT,2026-08-21 11:08:00,4222.0,4266.833,4109.9175,4104.6272,2026-08-23 00:24:00,4266.833,INITIAL_STOP,-1.104,0.0,True,False,POSITIVE_PROVEN_KZ,moex
LKOH,2026-08-28 09:50:00,2026-08-28 10:40:00,LONG,2026-08-28 10:52:00,4258.25,4230.1126,4328.5934,4331.9136,2026-08-28 12:13:00,4331.9136,GRID_B_FULL_TP,2.393,2.559,True,False,POSITIVE_PROVEN_KZ,moex
LKOH,2026-09-11 08:05:00,2026-09-11 09:15:00,LONG,2026-09-11 10:31:00,5262.25,5226.1066,5352.6084,5356.8734,2026-09-11 12:20:00,5226.1066,INITIAL_STOP,-1.16,0.0,True,False,POSITIVE_PROVEN_KZ,moex
ROSN,2025-10-13 08:15:00,2025-10-13 09:15:00,LONG,2025-10-13 09:33:00,404.8,401.9928,411.818,412.1492,2025-10-13 11:07:00,401.9928,INITIAL_STOP,-1.159,0.0,True,False,POSITIVE_PROVEN_KZ,moex
ROSN,2025-11-17 09:00:00,2025-11-17 10:15:00,SHORT,2025-11-17 10:53:00,383.275,384.5749,380.0252,379.8718,2025-11-17 14:58:00,379.8718,GRID_B_FULL_TP,2.235,2.559,True,False,POSITIVE_PROVEN_KZ,moex
ROSN,2026-05-04 09:25:00,2026-05-04 09:55:00,LONG,2026-05-04 10:00:00,421.975,419.717,427.6199,427.8863,2026-05-04 13:34:00,419.717,INITIAL_STOP,-1.206,0.0,True,False,POSITIVE_PROVEN_KZ,moex
ROSN,2026-05-19 09:55:00,2026-05-19 10:25:00,LONG,2026-05-19 10:32:00,409.875,408.3852,413.5995,413.7753,2026-05-20 06:57:00,408.3852,INITIAL_STOP,-1.303,0.0,True,False,POSITIVE_PROVEN_KZ,moex
ROSN,2026-06-23 08:05:00,2026-06-23 08:30:00,SHORT,2026-06-23 08:38:00,305.05,308.2076,297.1561,296.7835,2026-06-23 09:20:00,308.2076,INITIAL_STOP,-1.106,0.0,True,False,POSITIVE_PROVEN_KZ,moex
YDEX,2025-09-19 09:05:00,2025-09-19 09:40:00,SHORT,2025-09-19 09:58:00,4123.75,4144.6856,4071.4109,4068.9405,2025-09-19 11:59:00,4144.6856,INITIAL_STOP,-1.217,0.0,True,False,POSITIVE_PROVEN_KZ,moex
YDEX,2025-10-22 08:40:00,2025-10-22 09:20:00,SHORT,2025-10-22 09:31:00,3989.25,4008.9839,3939.9153,3937.5867,2025-10-22 09:57:00,4008.9839,INITIAL_STOP,-1.222,0.0,True,False,POSITIVE_PROVEN_KZ,moex
YDEX,2026-02-16 08:35:00,2026-02-16 09:05:00,LONG,2026-02-16 10:25:00,4858.75,4830.2119,4930.0953,4933.4628,2026-02-17 08:06:00,4830.2119,INITIAL_STOP,-1.187,0.0,True,False,POSITIVE_PROVEN_KZ,moex
YDEX,2026-02-17 08:05:00,2026-02-17 08:35:00,LONG,2026-02-17 09:26:00,4823.25,4785.2651,4918.2122,4922.6944,2026-02-17 13:49:00,4785.2651,INITIAL_STOP,-1.14,0.0,True,False,POSITIVE_PROVEN_KZ,moex
YDEX,2026-03-02 09:45:00,2026-03-02 10:10:00,SHORT,2026-03-02 10:51:00,4726.75,4748.5901,4672.1497,4669.5726,2026-03-02 11:06:00,4748.5901,INITIAL_STOP,-1.238,0.0,True,False,POSITIVE_PROVEN_KZ,moex
YDEX,2026-03-25 08:55:00,2026-03-25 09:15:00,SHORT,2026-03-25 09:28:00,4320.75,4340.4811,4271.4222,4269.0939,2026-03-25 10:56:00,4340.4811,INITIAL_STOP,-1.241,0.0,True,False,POSITIVE_PROVEN_KZ,moex
YDEX,2026-04-10 09:20:00,2026-04-10 09:45:00,SHORT,2026-04-10 10:09:00,4178.0,4195.767,4133.5825,4131.486,2026-04-10 11:03:00,4195.767,INITIAL_STOP,-1.259,0.0,True,False,POSITIVE_PROVEN_KZ,moex
YDEX,2026-04-21 09:55:00,2026-04-21 11:15:00,LONG,2026-04-21 11:22:00,4312.0,4283.532,4383.17,4386.5292,2026-04-23 05:16:00,4386.5292,GRID_B_FULL_TP,2.392,2.559,False,False,POSITIVE_PROVEN_KZ,moex
YDEX,2026-07-07 09:25:00,2026-07-07 09:50:00,SHORT,2026-07-07 09:57:00,3449.5,3480.6742,3371.5644,3367.8858,2026-07-07 15:00:00,3480.6742,INITIAL_STOP,-1.122,0.0,True,False,POSITIVE_PROVEN_KZ,moex
YDEX,2026-07-07 09:30:00,2026-07-07 09:50:00,SHORT,2026-07-07 09:57:00,3449.5,3480.6743,3371.5644,3367.8858,2026-07-07 15:00:00,3480.6743,INITIAL_STOP,-1.122,0.0,True,False,POSITIVE_PROVEN_KZ,moex
YDEX,2026-07-18 08:25:00,2026-07-18 09:10:00,SHORT,2026-07-18 10:45:00,3250.75,3275.8761,3187.9347,3184.9698,2026-07-19 09:20:00,3275.8761,INITIAL_STOP,-1.142,0.0,True,False,POSITIVE_PROVEN_KZ,moex
SOL/USDT,2025-12-04 14:55:00,2025-12-04 15:05:00,LONG,2025-12-04 15:26:00,142.28,141.2266,143.3334,143.9844,2025-12-04 15:39:00,143.9844,GRID_B_FULL_TP,1.071,1.309,True,False,POSITIVE_KZ_PLUS_CHOCH,crypto
SOL/USDT,2025-12-15 14:10:00,2025-12-15 14:25:00,SHORT,2025-12-15 14:36:00,133.505,135.6303,131.3797,130.0663,2025-12-15 14:57:00,130.0663,GRID_B_FULL_TP,1.198,1.309,True,False,POSITIVE_KZ_PLUS_CHOCH,crypto
SOL/USDT,2025-12-15 14:15:00,2025-12-15 14:25:00,SHORT,2025-12-15 14:36:00,133.505,135.6303,131.3797,130.0663,2025-12-15 14:57:00,130.0663,GRID_B_FULL_TP,1.198,1.309,True,False,POSITIVE_KZ_PLUS_CHOCH,crypto
SOL/USDT,2026-01-03 07:15:00,2026-01-03 08:30:00,LONG,2026-01-03 09:12:00,130.435,129.4043,131.4657,132.1026,2026-01-03 14:32:00,132.1026,GRID_B_FULL_TP,1.086,1.309,True,False,POSITIVE_KZ_PLUS_CHOCH,crypto
SOL/USDT,2026-02-05 09:15:00,2026-02-05 09:35:00,SHORT,2026-02-05 09:40:00,92.605,93.5689,91.6411,91.0454,2026-02-05 10:48:00,91.0454,GRID_B_FULL_TP,1.14,1.309,True,False,POSITIVE_KZ_PLUS_CHOCH,crypto
SOL/USDT,2026-02-28 13:45:00,2026-02-28 14:50:00,SHORT,2026-02-28 15:28:00,80.965,81.6314,80.2986,79.8867,2026-02-28 18:32:00,81.6314,INITIAL_STOP,-1.214,0.0,True,False,POSITIVE_KZ_PLUS_CHOCH,crypto
SOL/USDT,2026-04-16 13:10:00,2026-04-16 13:35:00,SHORT,2026-04-16 15:08:00,85.965,86.4089,85.5211,85.2467,2026-04-16 15:20:00,86.4089,INITIAL_STOP,-1.341,0.0,True,False,POSITIVE_KZ_PLUS_CHOCH,crypto
BNB/USDT,2025-11-12 13:45:00,2025-11-12 14:05:00,SHORT,2025-11-12 14:11:00,975.655,980.0735,971.2365,968.5059,2025-11-12 14:47:00,968.5059,GRID_B_FULL_TP,0.92,1.309,True,False,POSITIVE_KZ_PLUS_CHOCH,crypto
DOGE/USDT,2025-12-04 14:55:00,2025-12-04 15:10:00,LONG,2025-12-04 15:25:00,0.1489,0.1476,0.1502,0.151,2025-12-04 15:39:00,0.151,GRID_B_FULL_TP,1.109,1.309,True,False,POSITIVE_KZ_PLUS_CHOCH,crypto
ADA/USDT,2025-09-24 14:50:00,2025-09-24 15:50:00,SHORT,2025-09-24 17:31:00,0.8246,0.8316,0.8175,0.8131,2025-09-24 23:33:00,0.8131,GRID_B_FULL_TP,1.104,1.309,True,False,POSITIVE_KZ_PLUS_CHOCH,crypto
ADA/USDT,2025-10-17 13:30:00,2025-10-17 13:45:00,SHORT,2025-10-17 13:51:00,0.6181,0.6244,0.6118,0.6079,2025-10-17 13:55:00,0.6244,INITIAL_STOP,-1.172,0.0,True,False,POSITIVE_KZ_PLUS_CHOCH,crypto
ADA/USDT,2025-11-21 14:40:00,2025-11-21 15:05:00,SHORT,2025-11-21 16:56:00,0.4106,0.4146,0.4067,0.4042,2025-11-21 17:05:00,0.4146,INITIAL_STOP,-1.182,0.0,True,False,POSITIVE_KZ_PLUS_CHOCH,crypto
ADA/USDT,2025-12-03 14:00:00,2025-12-03 14:40:00,LONG,2025-12-03 14:52:00,0.4335,0.4258,0.4412,0.4459,2025-12-03 20:20:00,0.4459,GRID_B_FULL_TP,1.209,1.309,True,False,POSITIVE_KZ_PLUS_CHOCH,crypto
ADA/USDT,2026-02-28 13:45:00,2026-02-28 14:50:00,SHORT,2026-02-28 15:28:00,0.2684,0.2722,0.2646,0.2622,2026-02-28 18:37:00,0.2722,INITIAL_STOP,-1.124,0.0,True,False,POSITIVE_KZ_PLUS_CHOCH,crypto
XRP/USDT,2025-11-10 14:50:00,2025-11-10 15:10:00,LONG,2025-11-10 15:18:00,2.5143,2.4947,2.5338,2.5458,2025-11-10 15:51:00,2.5187,BE_STOP,0.273,0.5,True,False,POSITIVE_KZ_PLUS_CHOCH,crypto
XRP/USDT,2025-11-25 08:55:00,2025-11-25 09:40:00,LONG,2025-11-25 10:01:00,2.1934,2.1822,2.2046,2.2115,2025-11-25 11:20:00,2.1973,BE_STOP,0.155,0.5,True,False,POSITIVE_KZ_PLUS_CHOCH,crypto
XRP/USDT,2025-12-03 14:00:00,2025-12-03 14:45:00,LONG,2025-12-03 14:52:00,2.1744,2.1392,2.2096,2.2313,2025-12-04 05:42:00,2.1782,BE_STOP,0.391,0.5,True,False,POSITIVE_KZ_PLUS_CHOCH,crypto
XRP/USDT,2025-12-16 12:45:00,2025-12-16 13:35:00,SHORT,2025-12-16 14:50:00,1.9326,1.952,1.9133,1.9013,2025-12-17 02:49:00,1.9292,BE_STOP,0.324,0.5,True,False,POSITIVE_KZ_PLUS_CHOCH,crypto
XRP/USDT,2026-04-08 14:30:00,2026-04-08 15:20:00,LONG,2026-04-08 15:33:00,1.3531,1.3434,1.3627,1.3687,2026-04-08 18:18:00,1.3554,BE_STOP,0.254,0.5,True,False,POSITIVE_KZ_PLUS_CHOCH,crypto
XRP/USDT,2026-06-20 14:45:00,2026-06-20 15:35:00,SHORT,2026-06-20 15:46:00,1.1492,1.1572,1.1411,1.1361,2026-06-21 23:05:00,1.1361,GRID_B_FULL_TP,1.058,1.309,True,False,POSITIVE_KZ_PLUS_CHOCH,crypto
SBER,2026-03-10 09:35:00,2026-03-10 10:00:00,LONG,2026-03-10 10:19:00,318.125,316.8728,321.2555,321.4032,2026-03-10 12:10:00,316.8728,INITIAL_STOP,-1.279,0.0,True,False,POSITIVE_KZ_PLUS_CHOCH,moex
SBER,2026-07-01 08:00:00,2026-07-01 08:45:00,LONG,2026-07-01 09:10:00,307.665,306.5385,310.4812,310.6142,2026-07-01 09:23:00,310.6142,GRID_B_FULL_TP,2.259,2.559,True,False,POSITIVE_KZ_PLUS_CHOCH,moex
SBER,2026-08-25 08:20:00,2026-08-25 08:55:00,LONG,2026-08-25 09:40:00,269.26,267.5961,273.4197,273.6161,2026-08-25 14:47:00,273.6161,GRID_B_FULL_TP,2.381,2.559,True,False,POSITIVE_KZ_PLUS_CHOCH,moex
GAZP,2025-11-28 09:25:00,2025-11-28 10:35:00,SHORT,2025-11-28 10:50:00,125.46,125.9282,124.2895,124.2343,2025-11-28 13:41:00,125.9282,INITIAL_STOP,-1.295,0.0,True,False,POSITIVE_KZ_PLUS_CHOCH,moex
GAZP,2026-01-28 09:05:00,2026-01-28 10:15:00,LONG,2026-01-28 10:23:00,127.89,127.3882,129.1446,129.2038,2026-01-28 12:05:00,127.3882,INITIAL_STOP,-1.28,0.0,True,False,POSITIVE_KZ_PLUS_CHOCH,moex
GAZP,2026-05-13 08:10:00,2026-05-13 08:40:00,LONG,2026-05-13 08:51:00,123.585,122.9446,125.1859,125.2615,2026-05-14 12:12:00,122.9446,INITIAL_STOP,-1.212,0.0,True,False,POSITIVE_KZ_PLUS_CHOCH,moex
GAZP,2026-07-25 08:20:00,2026-07-25 08:40:00,LONG,2026-07-25 09:49:00,93.155,92.6603,94.3918,94.4502,2026-07-26 07:09:00,92.6603,INITIAL_STOP,-1.207,0.0,True,False,POSITIVE_KZ_PLUS_CHOCH,moex
LKOH,2025-10-28 08:45:00,2025-10-28 10:05:00,SHORT,2025-10-28 11:11:00,5416.5,5468.1248,5287.4381,5281.3464,2025-10-28 12:04:00,5468.1248,INITIAL_STOP,-1.115,0.0,True,False,POSITIVE_KZ_PLUS_CHOCH,moex
LKOH,2026-05-15 09:25:00,2026-05-15 10:30:00,SHORT,2026-05-15 11:10:00,5182.75,5205.7741,5125.1897,5122.4728,2026-05-15 13:19:00,5205.7741,INITIAL_STOP,-1.248,0.0,True,False,POSITIVE_KZ_PLUS_CHOCH,moex
LKOH,2026-07-07 09:30:00,2026-07-07 09:45:00,SHORT,2026-07-07 10:00:00,4262.0,4296.393,4176.0175,4171.9591,2026-07-07 14:32:00,4296.393,INITIAL_STOP,-1.136,0.0,True,False,POSITIVE_KZ_PLUS_CHOCH,moex
LKOH,2026-07-20 09:15:00,2026-07-20 10:30:00,SHORT,2026-07-20 10:49:00,4108.25,4153.6624,3994.7191,3989.3604,2026-07-20 12:52:00,4153.6624,INITIAL_STOP,-1.1,0.0,True,False,POSITIVE_KZ_PLUS_CHOCH,moex
LKOH,2026-08-21 09:15:00,2026-08-21 10:15:00,SHORT,2026-08-21 11:08:00,4222.0,4266.833,4109.9175,4104.6272,2026-08-23 00:24:00,4266.833,INITIAL_STOP,-1.104,0.0,True,False,POSITIVE_KZ_PLUS_CHOCH,moex
LKOH,2026-09-11 08:05:00,2026-09-11 09:15:00,LONG,2026-09-11 10:31:00,5262.25,5226.1066,5352.6084,5356.8734,2026-09-11 12:20:00,5226.1066,INITIAL_STOP,-1.16,0.0,True,False,POSITIVE_KZ_PLUS_CHOCH,moex
ROSN,2025-11-17 09:00:00,2025-11-17 10:15:00,SHORT,2025-11-17 10:53:00,383.275,384.5749,380.0252,379.8718,2025-11-17 14:58:00,379.8718,GRID_B_FULL_TP,2.235,2.559,True,False,POSITIVE_KZ_PLUS_CHOCH,moex
ROSN,2026-05-04 09:25:00,2026-05-04 09:55:00,LONG,2026-05-04 10:00:00,421.975,419.717,427.6199,427.8863,2026-05-04 13:34:00,419.717,INITIAL_STOP,-1.206,0.0,True,False,POSITIVE_KZ_PLUS_CHOCH,moex
YDEX,2026-02-17 08:05:00,2026-02-17 08:35:00,LONG,2026-02-17 09:26:00,4823.25,4785.2651,4918.2122,4922.6944,2026-02-17 13:49:00,4785.2651,INITIAL_STOP,-1.14,0.0,True,False,POSITIVE_KZ_PLUS_CHOCH,moex
YDEX,2026-04-21 09:55:00,2026-04-21 11:15:00,LONG,2026-04-21 11:22:00,4312.0,4283.532,4383.17,4386.5292,2026-04-23 05:16:00,4386.5292,GRID_B_FULL_TP,2.392,2.559,False,False,POSITIVE_KZ_PLUS_CHOCH,moex
YDEX,2026-07-07 09:25:00,2026-07-07 09:50:00,SHORT,2026-07-07 09:57:00,3449.5,3480.6742,3371.5644,3367.8858,2026-07-07 15:00:00,3480.6742,INITIAL_STOP,-1.122,0.0,True,False,POSITIVE_KZ_PLUS_CHOCH,moex
YDEX,2026-07-07 09:30:00,2026-07-07 09:50:00,SHORT,2026-07-07 09:57:00,3449.5,3480.6743,3371.5644,3367.8858,2026-07-07 15:00:00,3480.6743,INITIAL_STOP,-1.122,0.0,True,False,POSITIVE_KZ_PLUS_CHOCH,moex
YDEX,2026-07-18 08:25:00,2026-07-18 09:10:00,SHORT,2026-07-18 10:45:00,3250.75,3275.8761,3187.9347,3184.9698,2026-07-19 09:20:00,3275.8761,INITIAL_STOP,-1.142,0.0,True,False,POSITIVE_KZ_PLUS_CHOCH,moex
