Direction,Window,KZ_Exit,Min_Risk,Grid,Trades,Winrate,Total_R,Profit_Factor,Max_DD_R,Avg_R,Recovery
SHORT,11-15_MSK,Partial80_BE,0.15%,Grid_B,164,67.1,20.59,1.5,7.78,0.126,2.65
SHORT,11-15_MSK,Partial80_BE,0.15%,Grid_A,164,64.6,26.23,1.55,8.62,0.16,3.04
SHORT,11-15_MSK,Partial80_BE,0.15%,Grid_C,164,63.4,19.42,1.46,8.97,0.118,2.17
SHORT,11-15_MSK,Partial80_BE,0.15%,Grid_D,164,67.1,22.21,1.54,7.79,0.135,2.85
SHORT,11-15_MSK,Partial80_BE,0.15%,Grid_E,164,60.4,-5.68,0.9,17.57,-0.035,-0.32
SHORT,11-15_MSK,Partial80_BE,0.20%,Grid_B,153,69.3,22.48,1.63,4.98,0.147,4.51
SHORT,11-15_MSK,Partial80_BE,0.20%,Grid_A,153,65.4,26.93,1.63,5.56,0.176,4.84
SHORT,11-15_MSK,Partial80_BE,0.20%,Grid_C,153,65.4,21.1,1.58,5.94,0.138,3.55
SHORT,11-15_MSK,Partial80_BE,0.20%,Grid_D,153,69.3,24.04,1.67,4.98,0.157,4.83
SHORT,11-15_MSK,Partial80_BE,0.20%,Grid_E,153,60.8,-0.27,0.99,11.91,-0.002,-0.02
SHORT,11-15_MSK,Partial80_BE,0.25%,Grid_B,141,70.2,21.33,1.64,5.72,0.151,3.73
SHORT,11-15_MSK,Partial80_BE,0.25%,Grid_A,141,66.7,26.32,1.68,5.25,0.187,5.01
SHORT,11-15_MSK,Partial80_BE,0.25%,Grid_C,141,67.4,20.17,1.6,6.44,0.143,3.13
SHORT,11-15_MSK,Partial80_BE,0.25%,Grid_D,141,70.2,23.09,1.69,5.4,0.164,4.28
SHORT,11-15_MSK,Partial80_BE,0.25%,Grid_E,141,61.7,1.6,1.03,10.61,0.011,0.15
SHORT,11-15_MSK,Hold,0.15%,Grid_B,164,71.3,18.39,1.34,9.03,0.112,2.04
SHORT,11-15_MSK,Hold,0.15%,Grid_A,164,67.7,25.53,1.39,11.15,0.156,2.29
SHORT,11-15_MSK,Hold,0.15%,Grid_C,164,65.2,13.51,1.25,10.11,0.082,1.34
SHORT,11-15_MSK,Hold,0.15%,Grid_D,164,71.3,20.01,1.37,8.42,0.122,2.38
SHORT,11-15_MSK,Hold,0.15%,Grid_E,164,47.0,-68.48,0.37,72.45,-0.418,-0.95
SHORT,11-15_MSK,Hold,0.20%,Grid_B,153,73.9,20.28,1.42,5.86,0.133,3.46
SHORT,11-15_MSK,Hold,0.20%,Grid_A,153,68.0,25.85,1.43,8.42,0.169,3.07
SHORT,11-15_MSK,Hold,0.20%,Grid_C,153,67.3,15.19,1.31,6.78,0.099,2.24
SHORT,11-15_MSK,Hold,0.20%,Grid_D,153,73.9,21.83,1.45,5.29,0.143,4.13
SHORT,11-15_MSK,Hold,0.20%,Grid_E,153,46.4,-61.86,0.39,65.83,-0.404,-0.94
SHORT,11-15_MSK,Hold,0.25%,Grid_B,141,73.0,17.83,1.39,6.76,0.126,2.64
SHORT,11-15_MSK,Hold,0.25%,Grid_A,141,67.4,24.86,1.44,7.77,0.176,3.2
SHORT,11-15_MSK,Hold,0.25%,Grid_C,141,68.8,14.32,1.31,7.06,0.102,2.03
SHORT,11-15_MSK,Hold,0.25%,Grid_D,141,73.0,20.54,1.45,5.8,0.146,3.54
SHORT,11-15_MSK,Hold,0.25%,Grid_E,141,45.4,-56.69,0.39,58.65,-0.402,-0.97
SHORT,10-18:45_MSK,Partial80_BE,0.15%,Grid_B,352,69.3,41.48,1.38,14.49,0.118,2.86
SHORT,10-18:45_MSK,Partial80_BE,0.15%,Grid_A,352,65.3,47.94,1.36,18.15,0.136,2.64
SHORT,10-18:45_MSK,Partial80_BE,0.15%,Grid_C,352,62.8,30.96,1.28,16.04,0.088,1.93
SHORT,10-18:45_MSK,Partial80_BE,0.15%,Grid_D,352,69.3,42.09,1.38,15.0,0.12,2.81
SHORT,10-18:45_MSK,Partial80_BE,0.15%,Grid_E,352,52.0,-85.72,0.55,94.15,-0.244,-0.91
SHORT,10-18:45_MSK,Partial80_BE,0.20%,Grid_B,331,71.0,41.49,1.4,11.18,0.125,3.71
SHORT,10-18:45_MSK,Partial80_BE,0.20%,Grid_A,331,65.3,45.2,1.36,15.5,0.137,2.92
SHORT,10-18:45_MSK,Partial80_BE,0.20%,Grid_C,331,64.0,31.43,1.3,12.39,0.095,2.54
SHORT,10-18:45_MSK,Partial80_BE,0.20%,Grid_D,331,71.0,42.46,1.41,11.69,0.128,3.63
SHORT,10-18:45_MSK,Partial80_BE,0.20%,Grid_E,331,52.0,-75.33,0.58,83.76,-0.228,-0.9
SHORT,10-18:45_MSK,Partial80_BE,0.25%,Grid_B,299,70.9,40.93,1.45,6.78,0.137,6.04
SHORT,10-18:45_MSK,Partial80_BE,0.25%,Grid_A,299,65.9,48.41,1.44,10.08,0.162,4.8
SHORT,10-18:45_MSK,Partial80_BE,0.25%,Grid_C,299,66.6,32.08,1.35,7.35,0.107,4.36
SHORT,10-18:45_MSK,Partial80_BE,0.25%,Grid_D,299,70.9,42.4,1.46,7.08,0.142,5.99
SHORT,10-18:45_MSK,Partial80_BE,0.25%,Grid_E,299,51.8,-61.48,0.61,68.33,-0.206,-0.9
SHORT,10-18:45_MSK,Hold,0.15%,Grid_B,352,69.0,29.57,1.23,17.2,0.084,1.72
SHORT,10-18:45_MSK,Hold,0.15%,Grid_A,352,63.6,31.78,1.2,20.27,0.09,1.57
SHORT,10-18:45_MSK,Hold,0.15%,Grid_C,352,61.4,18.49,1.14,18.74,0.053,0.99
SHORT,10-18:45_MSK,Hold,0.15%,Grid_D,352,69.0,30.96,1.25,17.92,0.088,1.73
SHORT,10-18:45_MSK,Hold,0.15%,Grid_E,352,42.3,-181.8,0.29,183.81,-0.516,-0.99
SHORT,10-18:45_MSK,Hold,0.20%,Grid_B,331,70.7,29.93,1.25,13.88,0.09,2.16
SHORT,10-18:45_MSK,Hold,0.20%,Grid_A,331,63.4,28.73,1.19,18.46,0.087,1.56
SHORT,10-18:45_MSK,Hold,0.20%,Grid_C,331,62.5,19.77,1.16,16.38,0.06,1.21
SHORT,10-18:45_MSK,Hold,0.20%,Grid_D,331,70.7,32.06,1.27,14.61,0.097,2.19
SHORT,10-18:45_MSK,Hold,0.20%,Grid_E,331,41.1,-171.4,0.29,173.41,-0.518,-0.99
SHORT,10-18:45_MSK,Hold,0.25%,Grid_B,299,69.9,27.47,1.25,8.22,0.092,3.34
SHORT,10-18:45_MSK,Hold,0.25%,Grid_A,299,63.2,30.5,1.23,12.02,0.102,2.54
SHORT,10-18:45_MSK,Hold,0.25%,Grid_C,299,64.5,20.07,1.18,10.23,0.067,1.96
SHORT,10-18:45_MSK,Hold,0.25%,Grid_D,299,69.9,31.13,1.29,8.94,0.104,3.48
SHORT,10-18:45_MSK,Hold,0.25%,Grid_E,299,40.1,-153.04,0.3,154.2,-0.512,-0.99
ALL,11-15_MSK,Partial80_BE,0.15%,Grid_B,315,63.8,13.39,1.15,16.51,0.043,0.81
ALL,11-15_MSK,Partial80_BE,0.15%,Grid_A,315,60.6,16.17,1.15,18.86,0.051,0.86
ALL,11-15_MSK,Partial80_BE,0.15%,Grid_C,315,59.7,7.95,1.09,17.46,0.025,0.46
ALL,11-15_MSK,Partial80_BE,0.15%,Grid_D,315,63.8,15.3,1.17,16.87,0.049,0.91
ALL,11-15_MSK,Partial80_BE,0.15%,Grid_E,315,54.6,-42.33,0.67,49.65,-0.134,-0.85
ALL,11-15_MSK,Partial80_BE,0.20%,Grid_B,294,65.3,13.62,1.16,15.19,0.046,0.9
ALL,11-15_MSK,Partial80_BE,0.20%,Grid_A,294,60.5,16.2,1.17,16.98,0.055,0.95
ALL,11-15_MSK,Partial80_BE,0.20%,Grid_C,294,60.9,8.47,1.1,15.69,0.029,0.54
ALL,11-15_MSK,Partial80_BE,0.20%,Grid_D,294,65.3,16.0,1.19,15.41,0.054,1.04
ALL,11-15_MSK,Partial80_BE,0.20%,Grid_E,294,54.4,-33.9,0.71,40.97,-0.115,-0.83
ALL,11-15_MSK,Partial80_BE,0.25%,Grid_B,266,66.2,16.29,1.22,9.54,0.061,1.71
ALL,11-15_MSK,Partial80_BE,0.25%,Grid_A,266,61.3,18.48,1.22,11.47,0.069,1.61
ALL,11-15_MSK,Partial80_BE,0.25%,Grid_C,266,63.9,11.6,1.15,10.38,0.044,1.12
ALL,11-15_MSK,Partial80_BE,0.25%,Grid_D,266,66.2,18.72,1.25,9.76,0.07,1.92
ALL,11-15_MSK,Partial80_BE,0.25%,Grid_E,266,56.0,-24.54,0.76,33.15,-0.092,-0.74
ALL,11-15_MSK,Hold,0.15%,Grid_B,315,69.8,17.47,1.16,19.01,0.055,0.92
ALL,11-15_MSK,Hold,0.15%,Grid_A,315,64.8,22.23,1.16,21.75,0.071,1.02
ALL,11-15_MSK,Hold,0.15%,Grid_C,315,61.9,5.77,1.05,20.54,0.018,0.28
ALL,11-15_MSK,Hold,0.15%,Grid_D,315,69.8,19.21,1.17,19.66,0.061,0.98
ALL,11-15_MSK,Hold,0.15%,Grid_E,315,41.6,-168.43,0.28,169.76,-0.535,-0.99
ALL,11-15_MSK,Hold,0.20%,Grid_B,294,71.8,18.79,1.18,18.27,0.064,1.03
ALL,11-15_MSK,Hold,0.20%,Grid_A,294,64.6,22.83,1.18,21.31,0.078,1.07
ALL,11-15_MSK,Hold,0.20%,Grid_C,294,63.3,7.84,1.07,20.02,0.027,0.39
ALL,11-15_MSK,Hold,0.20%,Grid_D,294,71.8,21.26,1.21,19.06,0.072,1.12
ALL,11-15_MSK,Hold,0.20%,Grid_E,294,41.2,-153.32,0.29,154.66,-0.522,-0.99
ALL,11-15_MSK,Hold,0.25%,Grid_B,266,71.1,19.19,1.2,11.56,0.072,1.66
ALL,11-15_MSK,Hold,0.25%,Grid_A,266,63.9,24.51,1.21,14.56,0.092,1.68
ALL,11-15_MSK,Hold,0.25%,Grid_C,266,66.5,10.89,1.11,13.6,0.041,0.8
ALL,11-15_MSK,Hold,0.25%,Grid_D,266,71.1,22.89,1.24,12.11,0.086,1.89
ALL,11-15_MSK,Hold,0.25%,Grid_E,266,41.4,-131.9,0.31,132.63,-0.496,-0.99
ALL,10-18:45_MSK,Partial80_BE,0.15%,Grid_B,732,67.3,50.12,1.21,28.91,0.068,1.73
ALL,10-18:45_MSK,Partial80_BE,0.15%,Grid_A,732,62.7,45.34,1.15,30.85,0.062,1.47
ALL,10-18:45_MSK,Partial80_BE,0.15%,Grid_C,732,60.1,23.18,1.09,32.14,0.032,0.72
ALL,10-18:45_MSK,Partial80_BE,0.15%,Grid_D,732,67.3,48.2,1.2,29.49,0.066,1.63
ALL,10-18:45_MSK,Partial80_BE,0.15%,Grid_E,732,49.2,-221.81,0.47,227.36,-0.303,-0.98
ALL,10-18:45_MSK,Partial80_BE,0.20%,Grid_B,683,69.0,48.9,1.22,22.65,0.072,2.16
ALL,10-18:45_MSK,Partial80_BE,0.20%,Grid_A,683,62.7,40.82,1.15,28.41,0.06,1.44
ALL,10-18:45_MSK,Partial80_BE,0.20%,Grid_C,683,61.2,22.68,1.1,26.3,0.033,0.86
ALL,10-18:45_MSK,Partial80_BE,0.20%,Grid_D,683,69.0,47.66,1.21,23.37,0.07,2.04
ALL,10-18:45_MSK,Partial80_BE,0.20%,Grid_E,683,48.9,-198.16,0.49,203.71,-0.29,-0.97
ALL,10-18:45_MSK,Partial80_BE,0.25%,Grid_B,610,68.2,45.81,1.22,15.21,0.075,3.01
ALL,10-18:45_MSK,Partial80_BE,0.25%,Grid_A,610,62.1,42.99,1.17,18.66,0.07,2.3
ALL,10-18:45_MSK,Partial80_BE,0.25%,Grid_C,610,63.8,26.17,1.13,16.21,0.043,1.61
ALL,10-18:45_MSK,Partial80_BE,0.25%,Grid_D,610,68.2,47.23,1.23,15.37,0.077,3.07
ALL,10-18:45_MSK,Partial80_BE,0.25%,Grid_E,610,49.0,-164.11,0.52,169.41,-0.269,-0.97
ALL,10-18:45_MSK,Hold,0.15%,Grid_B,732,68.2,37.06,1.14,29.28,0.051,1.27
ALL,10-18:45_MSK,Hold,0.15%,Grid_A,732,62.2,24.61,1.07,35.19,0.034,0.7
ALL,10-18:45_MSK,Hold,0.15%,Grid_C,732,58.9,5.57,1.02,34.66,0.008,0.16
ALL,10-18:45_MSK,Hold,0.15%,Grid_D,732,68.3,35.78,1.13,29.51,0.049,1.21
ALL,10-18:45_MSK,Hold,0.15%,Grid_E,732,40.6,-410.32,0.26,410.55,-0.561,-1.0
ALL,10-18:45_MSK,Hold,0.20%,Grid_B,683,70.0,37.01,1.14,21.93,0.054,1.69
ALL,10-18:45_MSK,Hold,0.20%,Grid_A,683,62.1,20.75,1.06,33.88,0.03,0.61
ALL,10-18:45_MSK,Hold,0.20%,Grid_C,683,60.0,7.41,1.03,31.51,0.011,0.24
ALL,10-18:45_MSK,Hold,0.20%,Grid_D,683,70.0,36.82,1.14,22.88,0.054,1.61
ALL,10-18:45_MSK,Hold,0.20%,Grid_E,683,39.5,-380.64,0.27,380.86,-0.557,-1.0
ALL,10-18:45_MSK,Hold,0.25%,Grid_B,610,68.5,29.46,1.12,15.28,0.048,1.93
ALL,10-18:45_MSK,Hold,0.25%,Grid_A,610,60.7,20.26,1.07,24.12,0.033,0.84
ALL,10-18:45_MSK,Hold,0.25%,Grid_C,610,62.5,7.35,1.03,23.04,0.012,0.32
ALL,10-18:45_MSK,Hold,0.25%,Grid_D,610,68.5,32.73,1.14,16.05,0.054,2.04
ALL,10-18:45_MSK,Hold,0.25%,Grid_E,610,39.0,-330.73,0.28,331.49,-0.542,-1.0
LONG,11-15_MSK,Partial80_BE,0.15%,Grid_B,151,60.3,-7.2,0.86,13.8,-0.048,-0.52
LONG,11-15_MSK,Partial80_BE,0.15%,Grid_A,151,56.3,-10.06,0.82,14.37,-0.067,-0.7
LONG,11-15_MSK,Partial80_BE,0.15%,Grid_C,151,55.6,-11.47,0.78,14.42,-0.076,-0.8
LONG,11-15_MSK,Partial80_BE,0.15%,Grid_D,151,60.3,-6.91,0.86,14.16,-0.046,-0.49
LONG,11-15_MSK,Partial80_BE,0.15%,Grid_E,151,48.3,-36.65,0.49,37.19,-0.243,-0.99
LONG,11-15_MSK,Partial80_BE,0.20%,Grid_B,141,61.0,-8.86,0.82,13.8,-0.063,-0.64
LONG,11-15_MSK,Partial80_BE,0.20%,Grid_A,141,55.3,-10.74,0.8,14.37,-0.076,-0.75
LONG,11-15_MSK,Partial80_BE,0.20%,Grid_C,141,56.0,-12.63,0.74,14.42,-0.09,-0.88
LONG,11-15_MSK,Partial80_BE,0.20%,Grid_D,141,61.0,-8.04,0.83,14.16,-0.057,-0.57
LONG,11-15_MSK,Partial80_BE,0.20%,Grid_E,141,47.5,-33.63,0.5,34.17,-0.239,-0.98
LONG,11-15_MSK,Partial80_BE,0.25%,Grid_B,125,61.6,-5.05,0.88,9.64,-0.04,-0.52
LONG,11-15_MSK,Partial80_BE,0.25%,Grid_A,125,55.2,-7.85,0.83,10.35,-0.063,-0.76
LONG,11-15_MSK,Partial80_BE,0.25%,Grid_C,125,60.0,-8.57,0.79,10.09,-0.069,-0.85
LONG,11-15_MSK,Partial80_BE,0.25%,Grid_D,125,61.6,-4.37,0.9,10.0,-0.035,-0.44
LONG,11-15_MSK,Partial80_BE,0.25%,Grid_E,125,49.6,-26.14,0.52,28.1,-0.209,-0.93
LONG,11-15_MSK,Hold,0.15%,Grid_B,151,68.2,-0.92,0.98,13.36,-0.006,-0.07
LONG,11-15_MSK,Hold,0.15%,Grid_A,151,61.6,-3.3,0.96,13.45,-0.022,-0.25
LONG,11-15_MSK,Hold,0.15%,Grid_C,151,58.3,-7.74,0.87,15.05,-0.051,-0.51
LONG,11-15_MSK,Hold,0.15%,Grid_D,151,68.2,-0.8,0.99,14.08,-0.005,-0.06
LONG,11-15_MSK,Hold,0.15%,Grid_E,151,35.8,-99.95,0.2,98.53,-0.662,-1.01
LONG,11-15_MSK,Hold,0.20%,Grid_B,141,69.5,-1.49,0.97,13.36,-0.011,-0.11
LONG,11-15_MSK,Hold,0.20%,Grid_A,141,61.0,-3.02,0.96,13.45,-0.021,-0.22
LONG,11-15_MSK,Hold,0.20%,Grid_C,141,58.9,-7.35,0.87,15.05,-0.052,-0.49
LONG,11-15_MSK,Hold,0.20%,Grid_D,141,69.5,-0.57,0.99,14.08,-0.004,-0.04
LONG,11-15_MSK,Hold,0.20%,Grid_E,141,35.5,-91.47,0.21,90.05,-0.649,-1.02
LONG,11-15_MSK,Hold,0.25%,Grid_B,125,68.8,1.35,1.03,8.84,0.011,0.15
LONG,11-15_MSK,Hold,0.25%,Grid_A,125,60.0,-0.35,0.99,9.35,-0.003,-0.04
LONG,11-15_MSK,Hold,0.25%,Grid_C,125,64.0,-3.42,0.93,11.15,-0.027,-0.31
LONG,11-15_MSK,Hold,0.25%,Grid_D,125,68.8,2.35,1.05,9.2,0.019,0.25
LONG,11-15_MSK,Hold,0.25%,Grid_E,125,36.8,-75.2,0.23,73.88,-0.602,-1.02
LONG,10-18:45_MSK,Partial80_BE,0.15%,Grid_B,380,65.5,8.64,1.07,17.3,0.023,0.5
LONG,10-18:45_MSK,Partial80_BE,0.15%,Grid_A,380,60.3,-2.61,0.98,17.74,-0.007,-0.15
LONG,10-18:45_MSK,Partial80_BE,0.15%,Grid_C,380,57.6,-7.78,0.94,19.93,-0.02,-0.39
LONG,10-18:45_MSK,Partial80_BE,0.15%,Grid_D,380,65.5,6.12,1.05,18.22,0.016,0.34
LONG,10-18:45_MSK,Partial80_BE,0.15%,Grid_E,380,46.6,-136.08,0.4,135.89,-0.358,-1.0
LONG,10-18:45_MSK,Partial80_BE,0.20%,Grid_B,352,67.0,7.41,1.06,13.55,0.021,0.55
LONG,10-18:45_MSK,Partial80_BE,0.20%,Grid_A,352,60.2,-4.37,0.97,18.42,-0.012,-0.24
LONG,10-18:45_MSK,Partial80_BE,0.20%,Grid_C,352,58.5,-8.75,0.93,18.6,-0.025,-0.47
LONG,10-18:45_MSK,Partial80_BE,0.20%,Grid_D,352,67.0,5.19,1.04,14.69,0.015,0.35
LONG,10-18:45_MSK,Partial80_BE,0.20%,Grid_E,352,46.0,-122.83,0.41,122.63,-0.349,-1.0
LONG,10-18:45_MSK,Partial80_BE,0.25%,Grid_B,311,65.6,4.88,1.04,14.46,0.016,0.34
LONG,10-18:45_MSK,Partial80_BE,0.25%,Grid_A,311,58.5,-5.42,0.96,16.02,-0.017,-0.34
LONG,10-18:45_MSK,Partial80_BE,0.25%,Grid_C,311,61.1,-5.9,0.95,16.3,-0.019,-0.36
LONG,10-18:45_MSK,Partial80_BE,0.25%,Grid_D,311,65.6,4.83,1.04,13.26,0.016,0.36
LONG,10-18:45_MSK,Partial80_BE,0.25%,Grid_E,311,46.3,-102.64,0.44,102.46,-0.33,-1.0
LONG,10-18:45_MSK,Hold,0.15%,Grid_B,380,67.4,7.5,1.05,18.69,0.02,0.4
LONG,10-18:45_MSK,Hold,0.15%,Grid_A,380,60.8,-7.17,0.96,20.87,-0.019,-0.34
LONG,10-18:45_MSK,Hold,0.15%,Grid_C,380,56.6,-12.93,0.91,21.81,-0.034,-0.59
LONG,10-18:45_MSK,Hold,0.15%,Grid_D,380,67.6,4.82,1.03,19.11,0.013,0.25
LONG,10-18:45_MSK,Hold,0.15%,Grid_E,380,38.9,-228.53,0.23,227.11,-0.601,-1.01
LONG,10-18:45_MSK,Hold,0.20%,Grid_B,352,69.3,7.08,1.05,14.49,0.02,0.49
LONG,10-18:45_MSK,Hold,0.20%,Grid_A,352,60.8,-7.98,0.95,20.25,-0.023,-0.39
LONG,10-18:45_MSK,Hold,0.20%,Grid_C,352,57.7,-12.36,0.91,19.31,-0.035,-0.64
LONG,10-18:45_MSK,Hold,0.20%,Grid_D,352,69.3,4.76,1.03,14.71,0.014,0.32
LONG,10-18:45_MSK,Hold,0.20%,Grid_E,352,38.1,-209.23,0.24,207.81,-0.594,-1.01
LONG,10-18:45_MSK,Hold,0.25%,Grid_B,311,67.2,1.99,1.02,12.97,0.006,0.15
LONG,10-18:45_MSK,Hold,0.25%,Grid_A,311,58.2,-10.24,0.94,17.86,-0.033,-0.57
LONG,10-18:45_MSK,Hold,0.25%,Grid_C,311,60.5,-12.72,0.9,17.65,-0.041,-0.72
LONG,10-18:45_MSK,Hold,0.25%,Grid_D,311,67.2,1.6,1.01,12.3,0.005,0.13
LONG,10-18:45_MSK,Hold,0.25%,Grid_E,311,37.9,-177.69,0.26,176.3,-0.571,-1.01
