symbol,is_moex,month,year,cal_month,quarter,trades,wins,losses,winrate,total_r,profit_factor,max_dd_r,avg_r
SOL/USDT,False,2024-06,2024,6,Q2,5,4,1,80.0,2.63,3.13,1.23,0.526
SOL/USDT,False,2024-07,2024,7,Q3,5,2,3,40.0,-1.65,0.48,1.76,-0.33
SOL/USDT,False,2024-08,2024,8,Q3,10,4,6,40.0,-4.24,0.38,6.86,-0.424
SOL/USDT,False,2024-09,2024,9,Q3,6,3,3,50.0,-1.22,0.66,2.34,-0.203
SOL/USDT,False,2024-10,2024,10,Q4,7,4,3,57.1,-0.63,0.84,2.59,-0.09
SOL/USDT,False,2024-11,2024,11,Q4,8,5,3,62.5,1.73,1.49,1.4,0.216
SOL/USDT,False,2024-12,2024,12,Q4,11,4,7,36.4,-4.4,0.46,4.38,-0.4
SOL/USDT,False,2025-01,2025,1,Q1,4,1,3,25.0,-2.45,0.33,3.65,-0.612
SOL/USDT,False,2025-02,2025,2,Q1,9,4,5,44.4,-2.21,0.59,4.92,-0.245
SOL/USDT,False,2025-03,2025,3,Q1,11,6,5,54.5,1.03,1.18,3.67,0.093
SOL/USDT,False,2025-04,2025,4,Q2,5,3,2,60.0,0.62,1.27,2.29,0.123
SOL/USDT,False,2025-05,2025,5,Q2,6,1,5,16.7,-4.93,0.2,5.0,-0.822
SOL/USDT,False,2025-06,2025,6,Q2,8,2,6,25.0,-4.49,0.34,5.66,-0.561
SOL/USDT,False,2025-07,2025,7,Q3,9,2,7,22.2,-6.25,0.27,6.11,-0.694
SOL/USDT,False,2025-08,2025,8,Q3,13,9,4,69.2,3.7,1.83,2.4,0.284
SOL/USDT,False,2025-09,2025,9,Q3,6,2,4,33.3,-3.34,0.39,2.59,-0.557
SOL/USDT,False,2025-10,2025,10,Q4,12,8,4,66.7,1.49,1.32,2.47,0.124
SOL/USDT,False,2025-11,2025,11,Q4,10,1,9,10.0,-9.2,0.12,8.02,-0.92
SOL/USDT,False,2025-12,2025,12,Q4,4,2,2,50.0,0.11,1.05,1.07,0.028
SOL/USDT,False,2026-01,2026,1,Q1,8,5,3,62.5,0.21,1.06,2.49,0.026
SOL/USDT,False,2026-02,2026,2,Q1,6,5,1,83.3,4.88,5.5,1.08,0.812
SOL/USDT,False,2026-03,2026,3,Q1,6,4,2,66.7,0.41,1.17,1.21,0.068
SOL/USDT,False,2026-04,2026,4,Q2,9,4,5,44.4,-3.76,0.37,5.54,-0.417
SOL/USDT,False,2026-05,2026,5,Q2,6,3,3,50.0,-1.27,0.65,1.29,-0.212
SOL/USDT,False,2026-06,2026,6,Q2,7,5,2,71.4,2.06,1.93,1.14,0.294
SOL/USDT,False,2026-07,2026,7,Q3,0,0,0,0.0,0.0,0.0,0.0,0.0
SOL/USDT,False,2026-08,2026,8,Q3,8,4,4,50.0,-0.86,0.82,2.25,-0.108
SOL/USDT,False,2026-09,2026,9,Q3,2,1,1,50.0,-0.0,1.0,0.0,-0.002
BNB/USDT,False,2024-06,2024,6,Q2,2,0,2,0.0,-2.55,0.0,1.24,-1.276
BNB/USDT,False,2024-07,2024,7,Q3,6,4,2,66.7,-0.61,0.75,2.49,-0.102
BNB/USDT,False,2024-08,2024,8,Q3,9,6,3,66.7,1.78,1.53,2.24,0.198
BNB/USDT,False,2024-09,2024,9,Q3,10,4,6,40.0,-4.8,0.33,4.93,-0.48
BNB/USDT,False,2024-10,2024,10,Q4,6,4,2,66.7,2.11,1.82,2.56,0.352
BNB/USDT,False,2024-11,2024,11,Q4,6,3,3,50.0,-1.73,0.52,1.18,-0.289
BNB/USDT,False,2024-12,2024,12,Q4,13,3,10,23.1,-10.97,0.08,9.73,-0.844
BNB/USDT,False,2025-01,2025,1,Q1,2,1,1,50.0,-0.95,0.17,0.0,-0.477
BNB/USDT,False,2025-02,2025,2,Q1,14,1,13,7.1,-13.94,0.08,13.93,-0.996
BNB/USDT,False,2025-03,2025,3,Q1,8,7,1,87.5,3.76,4.03,1.24,0.469
BNB/USDT,False,2025-04,2025,4,Q2,10,3,7,30.0,-5.69,0.36,6.71,-0.569
BNB/USDT,False,2025-05,2025,5,Q2,16,13,3,81.2,5.11,2.39,2.17,0.319
BNB/USDT,False,2025-06,2025,6,Q2,3,2,1,66.7,-0.72,0.43,1.25,-0.239
BNB/USDT,False,2025-07,2025,7,Q3,6,3,3,50.0,-0.9,0.74,2.22,-0.15
BNB/USDT,False,2025-08,2025,8,Q3,6,5,1,83.3,3.64,4.12,0.0,0.606
BNB/USDT,False,2025-09,2025,9,Q3,4,2,2,50.0,-1.04,0.54,1.09,-0.261
BNB/USDT,False,2025-10,2025,10,Q4,8,4,4,50.0,-0.59,0.87,2.49,-0.074
BNB/USDT,False,2025-11,2025,11,Q4,5,1,4,20.0,-3.63,0.25,3.6,-0.727
BNB/USDT,False,2025-12,2025,12,Q4,3,2,1,66.7,-0.93,0.34,1.42,-0.309
BNB/USDT,False,2026-01,2026,1,Q1,2,1,1,50.0,-0.08,0.93,0.0,-0.039
BNB/USDT,False,2026-02,2026,2,Q1,10,5,5,50.0,-1.33,0.71,1.61,-0.133
BNB/USDT,False,2026-03,2026,3,Q1,7,3,4,42.9,-2.8,0.43,3.62,-0.4
BNB/USDT,False,2026-04,2026,4,Q2,7,5,2,71.4,2.61,2.07,1.41,0.373
BNB/USDT,False,2026-05,2026,5,Q2,6,3,3,50.0,-2.06,0.42,3.57,-0.343
BNB/USDT,False,2026-06,2026,6,Q2,3,2,1,66.7,0.33,1.27,1.23,0.11
BNB/USDT,False,2026-07,2026,7,Q3,1,0,1,0.0,-1.25,0.0,0.0,-1.252
BNB/USDT,False,2026-08,2026,8,Q3,6,2,4,33.3,-3.22,0.31,3.26,-0.537
BNB/USDT,False,2026-09,2026,9,Q3,1,0,1,0.0,-1.26,0.0,0.0,-1.263
DOGE/USDT,False,2024-06,2024,6,Q2,5,2,3,40.0,-1.13,0.67,2.23,-0.227
DOGE/USDT,False,2024-07,2024,7,Q3,14,5,9,35.7,-5.66,0.43,7.57,-0.404
DOGE/USDT,False,2024-08,2024,8,Q3,8,4,4,50.0,-1.93,0.62,2.45,-0.242
DOGE/USDT,False,2024-09,2024,9,Q3,12,4,8,33.3,-7.47,0.22,6.4,-0.622
DOGE/USDT,False,2024-10,2024,10,Q4,2,2,0,100.0,0.49,99.9,0.0,0.245
DOGE/USDT,False,2024-11,2024,11,Q4,8,5,3,62.5,1.85,1.57,1.09,0.231
DOGE/USDT,False,2024-12,2024,12,Q4,10,5,5,50.0,-2.56,0.56,3.55,-0.256
DOGE/USDT,False,2025-01,2025,1,Q1,5,1,4,20.0,-3.8,0.24,5.03,-0.76
DOGE/USDT,False,2025-02,2025,2,Q1,1,1,0,100.0,1.24,99.9,0.0,1.236
DOGE/USDT,False,2025-03,2025,3,Q1,9,3,6,33.3,-4.47,0.39,5.88,-0.497
DOGE/USDT,False,2025-04,2025,4,Q2,6,1,5,16.7,-5.33,0.07,4.13,-0.888
DOGE/USDT,False,2025-05,2025,5,Q2,9,5,4,55.6,-0.48,0.9,3.62,-0.053
DOGE/USDT,False,2025-06,2025,6,Q2,8,2,6,25.0,-4.79,0.31,6.96,-0.599
DOGE/USDT,False,2025-07,2025,7,Q3,5,1,4,20.0,-3.52,0.26,3.39,-0.704
DOGE/USDT,False,2025-08,2025,8,Q3,12,5,7,41.7,-2.93,0.63,7.88,-0.244
DOGE/USDT,False,2025-09,2025,9,Q3,5,2,3,40.0,-1.88,0.43,2.34,-0.375
DOGE/USDT,False,2025-10,2025,10,Q4,9,3,6,33.3,-4.07,0.4,5.75,-0.452
DOGE/USDT,False,2025-11,2025,11,Q4,13,6,7,46.2,-2.15,0.73,4.33,-0.166
DOGE/USDT,False,2025-12,2025,12,Q4,8,4,4,50.0,-2.47,0.45,2.3,-0.309
DOGE/USDT,False,2026-01,2026,1,Q1,4,2,2,50.0,0.99,1.86,1.14,0.247
DOGE/USDT,False,2026-02,2026,2,Q1,18,9,9,50.0,-4.68,0.55,6.23,-0.26
DOGE/USDT,False,2026-03,2026,3,Q1,10,4,6,40.0,-4.88,0.3,4.19,-0.488
DOGE/USDT,False,2026-04,2026,4,Q2,5,4,1,80.0,2.6,3.15,1.21,0.519
DOGE/USDT,False,2026-05,2026,5,Q2,8,3,5,37.5,-4.28,0.3,3.75,-0.534
DOGE/USDT,False,2026-06,2026,6,Q2,5,3,2,60.0,0.49,1.22,2.28,0.099
DOGE/USDT,False,2026-07,2026,7,Q3,2,1,1,50.0,-0.19,0.84,0.0,-0.097
DOGE/USDT,False,2026-08,2026,8,Q3,2,0,2,0.0,-2.43,0.0,1.2,-1.216
DOGE/USDT,False,2026-09,2026,9,Q3,5,2,3,40.0,-0.99,0.7,3.33,-0.197
ADA/USDT,False,2025-09,2025,9,Q3,9,6,3,66.7,0.12,1.03,1.23,0.014
ADA/USDT,False,2025-10,2025,10,Q4,13,8,5,61.5,-0.02,1.0,2.21,-0.002
ADA/USDT,False,2025-11,2025,11,Q4,7,2,5,28.6,-4.23,0.27,4.63,-0.604
ADA/USDT,False,2025-12,2025,12,Q4,11,5,6,45.5,-1.65,0.76,2.92,-0.15
ADA/USDT,False,2026-01,2026,1,Q1,4,2,2,50.0,-0.64,0.71,2.2,-0.16
ADA/USDT,False,2026-02,2026,2,Q1,12,4,8,33.3,-6.68,0.26,7.11,-0.557
ADA/USDT,False,2026-03,2026,3,Q1,10,6,4,60.0,-0.14,0.97,2.45,-0.014
ADA/USDT,False,2026-04,2026,4,Q2,9,2,7,22.2,-7.47,0.08,7.8,-0.83
ADA/USDT,False,2026-05,2026,5,Q2,5,4,1,80.0,1.57,2.36,1.16,0.315
ADA/USDT,False,2026-06,2026,6,Q2,3,2,1,66.7,0.85,1.68,1.24,0.282
ADA/USDT,False,2026-07,2026,7,Q3,6,2,4,33.3,-2.25,0.4,2.58,-0.374
ADA/USDT,False,2026-08,2026,8,Q3,5,3,2,60.0,0.18,1.08,1.22,0.036
ADA/USDT,False,2026-09,2026,9,Q3,4,2,2,50.0,-0.69,0.69,1.06,-0.172
SBER,True,2024-06,2024,6,Q2,1,1,0,100.0,0.39,99.9,0.0,0.391
SBER,True,2024-07,2024,7,Q3,1,1,0,100.0,1.16,99.9,0.0,1.155
SBER,True,2024-08,2024,8,Q3,0,0,0,0.0,0.0,0.0,0.0,0.0
SBER,True,2024-09,2024,9,Q3,0,0,0,0.0,0.0,0.0,0.0,0.0
SBER,True,2024-10,2024,10,Q4,1,1,0,100.0,0.43,99.9,0.0,0.426
SBER,True,2024-11,2024,11,Q4,3,3,0,100.0,2.78,99.9,0.0,0.928
SBER,True,2024-12,2024,12,Q4,2,1,1,50.0,-0.06,0.95,0.0,-0.032
SBER,True,2025-01,2025,1,Q1,0,0,0,0.0,0.0,0.0,0.0,0.0
SBER,True,2025-02,2025,2,Q1,1,1,0,100.0,1.2,99.9,0.0,1.202
SBER,True,2025-03,2025,3,Q1,0,0,0,0.0,0.0,0.0,0.0,0.0
SBER,True,2025-04,2025,4,Q2,1,1,0,100.0,1.19,99.9,0.0,1.185
SBER,True,2025-05,2025,5,Q2,0,0,0,0.0,0.0,0.0,0.0,0.0
SBER,True,2025-06,2025,6,Q2,1,1,0,100.0,1.14,99.9,0.0,1.14
SBER,True,2025-07,2025,7,Q3,0,0,0,0.0,0.0,0.0,0.0,0.0
SBER,True,2025-08,2025,8,Q3,0,0,0,0.0,0.0,0.0,0.0,0.0
SBER,True,2025-09,2025,9,Q3,0,0,0,0.0,0.0,0.0,0.0,0.0
SBER,True,2025-10,2025,10,Q4,0,0,0,0.0,0.0,0.0,0.0,0.0
SBER,True,2025-11,2025,11,Q4,1,1,0,100.0,1.2,99.9,0.0,1.202
SBER,True,2025-12,2025,12,Q4,0,0,0,0.0,0.0,0.0,0.0,0.0
SBER,True,2026-01,2026,1,Q1,1,1,0,100.0,1.12,99.9,0.0,1.124
SBER,True,2026-02,2026,2,Q1,2,2,0,100.0,0.58,99.9,0.0,0.29
SBER,True,2026-03,2026,3,Q1,1,1,0,100.0,0.33,99.9,0.0,0.333
SBER,True,2026-04,2026,4,Q2,0,0,0,0.0,0.0,0.0,0.0,0.0
SBER,True,2026-05,2026,5,Q2,1,1,0,100.0,1.12,99.9,0.0,1.124
SBER,True,2026-06,2026,6,Q2,1,1,0,100.0,1.08,99.9,0.0,1.079
SBER,True,2026-07,2026,7,Q3,1,1,0,100.0,1.17,99.9,0.0,1.172
SBER,True,2026-08,2026,8,Q3,1,1,0,100.0,1.15,99.9,0.0,1.152
SBER,True,2026-09,2026,9,Q3,0,0,0,0.0,0.0,0.0,0.0,0.0
GAZP,True,2024-06,2024,6,Q2,1,1,0,100.0,1.2,99.9,0.0,1.201
GAZP,True,2024-07,2024,7,Q3,0,0,0,0.0,0.0,0.0,0.0,0.0
GAZP,True,2024-08,2024,8,Q3,1,0,1,0.0,-1.07,0.0,0.0,-1.067
GAZP,True,2024-09,2024,9,Q3,2,2,0,100.0,0.87,99.9,0.0,0.435
GAZP,True,2024-10,2024,10,Q4,1,0,1,0.0,-1.1,0.0,0.0,-1.098
GAZP,True,2024-11,2024,11,Q4,2,2,0,100.0,1.58,99.9,0.0,0.79
GAZP,True,2024-12,2024,12,Q4,1,0,1,0.0,-1.07,0.0,0.0,-1.066
GAZP,True,2025-01,2025,1,Q1,0,0,0,0.0,0.0,0.0,0.0,0.0
GAZP,True,2025-02,2025,2,Q1,1,1,0,100.0,1.25,99.9,0.0,1.248
GAZP,True,2025-03,2025,3,Q1,1,1,0,100.0,0.33,99.9,0.0,0.333
GAZP,True,2025-04,2025,4,Q2,0,0,0,0.0,0.0,0.0,0.0,0.0
GAZP,True,2025-05,2025,5,Q2,1,0,1,0.0,-1.14,0.0,0.0,-1.14
GAZP,True,2025-06,2025,6,Q2,0,0,0,0.0,0.0,0.0,0.0,0.0
GAZP,True,2025-07,2025,7,Q3,0,0,0,0.0,0.0,0.0,0.0,0.0
GAZP,True,2025-08,2025,8,Q3,0,0,0,0.0,0.0,0.0,0.0,0.0
GAZP,True,2025-09,2025,9,Q3,0,0,0,0.0,0.0,0.0,0.0,0.0
GAZP,True,2025-10,2025,10,Q4,2,2,0,100.0,2.38,99.9,0.0,1.189
GAZP,True,2025-11,2025,11,Q4,1,0,1,0.0,-1.22,0.0,0.0,-1.216
GAZP,True,2025-12,2025,12,Q4,0,0,0,0.0,0.0,0.0,0.0,0.0
GAZP,True,2026-01,2026,1,Q1,1,0,1,0.0,-1.13,0.0,0.0,-1.13
GAZP,True,2026-02,2026,2,Q1,0,0,0,0.0,0.0,0.0,0.0,0.0
GAZP,True,2026-03,2026,3,Q1,0,0,0,0.0,0.0,0.0,0.0,0.0
GAZP,True,2026-04,2026,4,Q2,0,0,0,0.0,0.0,0.0,0.0,0.0
GAZP,True,2026-05,2026,5,Q2,1,1,0,100.0,0.4,99.9,0.0,0.404
GAZP,True,2026-06,2026,6,Q2,0,0,0,0.0,0.0,0.0,0.0,0.0
GAZP,True,2026-07,2026,7,Q3,3,2,1,66.7,0.45,1.41,1.09,0.151
GAZP,True,2026-08,2026,8,Q3,0,0,0,0.0,0.0,0.0,0.0,0.0
GAZP,True,2026-09,2026,9,Q3,0,0,0,0.0,0.0,0.0,0.0,0.0
ROSN,True,2025-09,2025,9,Q3,0,0,0,0.0,0.0,0.0,0.0,0.0
ROSN,True,2025-10,2025,10,Q4,1,1,0,100.0,1.18,99.9,0.0,1.179
ROSN,True,2025-11,2025,11,Q4,1,1,0,100.0,1.16,99.9,0.0,1.162
ROSN,True,2025-12,2025,12,Q4,1,1,0,100.0,1.14,99.9,0.0,1.137
ROSN,True,2026-01,2026,1,Q1,0,0,0,0.0,0.0,0.0,0.0,0.0
ROSN,True,2026-02,2026,2,Q1,1,1,0,100.0,1.03,99.9,0.0,1.033
ROSN,True,2026-03,2026,3,Q1,1,0,1,0.0,-1.07,0.0,0.0,-1.072
ROSN,True,2026-04,2026,4,Q2,0,0,0,0.0,0.0,0.0,0.0,0.0
ROSN,True,2026-05,2026,5,Q2,1,1,0,100.0,1.22,99.9,0.0,1.216
ROSN,True,2026-06,2026,6,Q2,0,0,0,0.0,0.0,0.0,0.0,0.0
ROSN,True,2026-07,2026,7,Q3,1,1,0,100.0,1.25,99.9,0.0,1.249
ROSN,True,2026-08,2026,8,Q3,1,1,0,100.0,0.4,99.9,0.0,0.402
ROSN,True,2026-09,2026,9,Q3,0,0,0,0.0,0.0,0.0,0.0,0.0
YDEX,True,2025-09,2025,9,Q3,0,0,0,0.0,0.0,0.0,0.0,0.0
YDEX,True,2025-10,2025,10,Q4,3,1,2,33.3,-1.11,0.52,1.12,-0.37
YDEX,True,2025-11,2025,11,Q4,0,0,0,0.0,0.0,0.0,0.0,0.0
YDEX,True,2025-12,2025,12,Q4,1,1,0,100.0,1.15,99.9,0.0,1.152
YDEX,True,2026-01,2026,1,Q1,0,0,0,0.0,0.0,0.0,0.0,0.0
YDEX,True,2026-02,2026,2,Q1,3,2,1,66.7,1.26,2.11,0.0,0.42
YDEX,True,2026-03,2026,3,Q1,1,0,1,0.0,-1.16,0.0,0.0,-1.162
YDEX,True,2026-04,2026,4,Q2,0,0,0,0.0,0.0,0.0,0.0,0.0
YDEX,True,2026-05,2026,5,Q2,0,0,0,0.0,0.0,0.0,0.0,0.0
YDEX,True,2026-06,2026,6,Q2,0,0,0,0.0,0.0,0.0,0.0,0.0
YDEX,True,2026-07,2026,7,Q3,1,1,0,100.0,0.41,99.9,0.0,0.405
YDEX,True,2026-08,2026,8,Q3,0,0,0,0.0,0.0,0.0,0.0,0.0
YDEX,True,2026-09,2026,9,Q3,0,0,0,0.0,0.0,0.0,0.0,0.0
